Date,Instrument,Song,Artist,Genre
3/4/20,Electric Guitar,Pretender,Foo Fighters,Rock
3/4/20,Electric Guitar,Found Out About You,Gin Blossoms,Rock
3/4/20,Bass,Animal I Have Become,Three Days Grace,Rock
3/4/20,Bass,Hysteria,Muse,Rock
3/4/20,Bass,A-punk,Vampire Weekend,Indie
3/4/20,Piano,Tempest Sonata,Beethoven,Classical
3/5/20,Acoustic Guitar,Bloom,The Paper Kites,Folk
3/5/20,Piano,Tempest Sonata,Beethoven,Classical
3/5/20,Piano,Raindrop Prelude,Chopin,Classical
3/5/20,Electric Guitar,Kryptonite,Three Doors Down,Rock
3/5/20,Electric Guitar,Lifeline,Papa Roach,Rock
3/6/20,Acoustic Guitar,Bloom,The Paper Kites,Folk
3/6/20,Acoustic Guitar,Never Mind,Foster the People,Indie
3/6/20,Acoustic Guitar,Hero,Family of the Year,Indie
3/6/20,Electric Guitar,Pretender,Foo Fighters,Rock
3/6/20,Electric Guitar,I Don't Care,Fall Out Boy,Rock
3/6/20,Bass,Animal I Have Become,Three Days Grace,Rock
3/6/20,Bass,I Don't Care,Fall Out Boy,Rock
3/6/20,Piano,Raindrop Prelude,Chopin,Classical
3/7/20,Piano,Raindrop Prelude,Chopin,Classical
3/7/20,Piano,Sonatina - Opus 36 No 3,Clementi,Classical
3/7/20,Electric Guitar,I Don't Care,Fall Out Boy,Rock
3/8/20,Piano,Raindrop Prelude,Chopin,Classical
3/8/20,Piano,Sonatina - Opus 36 No 3,Clementi,Classical
3/9/20,Piano,Raindrop Prelude,Chopin,Classical
3/9/20,Electric Guitar,Pretender,Foo Fighters,Rock
3/9/20,Electric Guitar,Ohio is for Lovers,Hawthorne Heights,Rock
3/10/20,Piano,Tempest Sonata,Beethoven,Classical
3/11/20,Piano,Tempest Sonata,Beethoven,Classical
3/11/20,Electric Guitar,Pretender,Foo Fighters,Rock
3/11/20,Electric Guitar,Ohio is for Lovers,Hawthorne Heights,Rock
3/11/20,Electric Guitar,Do I Wanna Know,Arctic Monkeys,Indie
3/11/20,Bass,Miss Murder,AFI,Rock
3/12/20,Piano,Tempest Sonata,Beethoven,Classical
3/12/20,Electric Guitar,Pretender,Foo Fighters,Rock
3/12/20,Electric Guitar,Ohio is for Lovers,Hawthorne Heights,Rock
3/12/20,Electric Guitar,Do I Wanna Know,Arctic Monkeys,Indie
3/12/20,Acoustic Guitar,The Truth is a Cave,The Oh Hello's,Folk
3/13/20,Piano,Tempest Sonata,Beethoven,Classical
3/14/20,Bass,She Wolf,Shakira,Pop
3/14/20,Piano,Tempest Sonata,Beethoven,Classical
3/14/20,Piano,Raindrop Prelude,Chopin,Classical
3/15/20,Acoustic Guitar,26,Caamp,Folk
3/15/20,Electric Guitar,Friday I'm in Love,The Cure,Rock
3/15/20,Piano,Tempest Sonata,Beethoven,Classical
3/16/20,Piano,Tempest Sonata,Beethoven,Classical
3/17/20,Acoustic Guitar,26,Caamp,Folk
3/17/20,Piano,Tempest Sonata,Beethoven,Classical
3/17/20,Electric Guitar,Ohio is for Lovers,Hawthorne Heights,Rock
3/17/20,Electric Guitar,Rock Show,blink-182,Rock
3/17/20,Bass,Rock Show,blink-182,Rock
3/18/20,Acoustic Guitar,A Closeness,Dermot Kennedy,Folk
3/18/20,Acoustic Guitar,26,Caamp,Folk
3/18/20,Piano,Tempest Sonata,Beethoven,Classical
3/18/20,Piano,Sonatina - Opus 36 No 3,Clementi,Classical
3/19/20,Electric Guitar,Hanging by a Moment,Lifehouse,Rock
3/19/20,Electric Guitar,Decode,Paramore,Rock
3/19/20,Electric Guitar,Animal I Have Become,Three Days Grace,Rock
3/19/20,Piano,Tempest Sonata,Beethoven,Classical
3/19/20,Piano,Raindrop Prelude,Chopin,Classical
3/20/20,Electric Guitar,Hanging by a Moment,Lifehouse,Rock
3/20/20,Electric Guitar,Animal I Have Become,Three Days Grace,Rock
3/20/20,Piano,Raindrop Prelude,Chopin,Classical
3/21/20,Electric Guitar,Misery Business,Paramore,Rock
3/21/20,Electric Guitar,Hanging by a Moment,Lifehouse,Rock
3/21/20,Acoustic Guitar,Harmony Hall,Vampire Weekend,Indie
3/21/20,Acoustic Guitar,Dragonfly,M. Craft,Folk
3/21/20,Acoustic Guitar,Slide,The Goo Goo Dolls,Rock
3/21/20,Piano,Lost (arrangement),Me,My Composition
3/21/20,Piano,Tempest Sonata,Beethoven,Classical
3/22/20,Acoustic Guitar,A Closeness,Dermot Kennedy,Folk
3/22/20,Acoustic Guitar,Slide,The Goo Goo Dolls,Rock
3/22/20,Piano,Lost (arrangement),Me,My Composition
3/22/20,Piano,Agape (arrangement),Me,My Composition
3/23/20,Electric Guitar,Animal I Have Become,Three Days Grace,Rock
3/23/20,Electric Guitar,Hanging by a Moment,Lifehouse,Rock
3/23/20,Piano,Tempest Sonata,Beethoven,Classical
3/24/20,Electric Guitar,Pretender,Foo Fighters,Rock
3/24/20,Electric Guitar,Awakening,Yellowcard,Rock
3/24/20,Piano,Tempest Sonata,Beethoven,Classical
3/24/20,Piano,Misc Arrangements,Me,My Composition
3/25/20,Electric Guitar,1985',Bowling for Soup,Rock
3/25/20,Electric Guitar,Rock Show,blink-182,Rock
3/25/20,Piano,Tempest Sonata,Beethoven,Classical
3/26/20,Ukulele,I'm Yours,Jason Mraz,Pop
3/26/20,Piano,Tempest Sonata,Beethoven,Classical
3/26/20,Electric Guitar,Pretender,Foo Fighters,Rock
3/26/20,Electric Guitar,Do I Wanna Know,Arctic Monkeys,Indie
3/27/20,Electric Guitar,OG Stuff,Me,My Composition
3/27/20,Electric Guitar,Rock Show,blink-182,Rock
3/28/20,Electric Guitar,This Must Be the Place,Talking Heads,Rock
3/28/20,Electric Guitar,Is Nowhere,Mayday Parade,Rock
3/28/20,Electric Guitar,Slow Death,We are Scientists,Rock
3/28/20,Ukulele,I'm Yours,Jason Mraz,Pop
3/28/20,Piano,Raindrop Prelude,Chopin,Classical
3/29/20,Electric Guitar,Check Yes Juliet,We the Kings,Rock
3/29/20,Piano,Moonlight Sonata,Beethoven,Classical
3/30/20,Piano,Moonlight Sonata,Beethoven,Classical
3/30/20,Piano,OG Stuff,Me,My Composition
3/30/20,Electric Guitar,Pretender,Foo Fighters,Rock
3/31/20,Ukulele,Angels on the Moon,Thriving Ivory,Pop
3/31/20,Ukulele,I'm Yours,Jason Mraz,Pop
3/31/20,Ukulele,Riptide,Vance Joy,Folk
3/31/20,Electric Guitar,Angels on the Moon,Thriving Ivory,Pop
3/31/20,Electric Guitar,Mr. Blue Sky,Electric Light Orchestra,Rock
3/31/20,Electric Guitar,Slow Death,We are Scientists,Rock
3/31/20,Piano,Moonlight Sonata,Beethoven,Classical
4/1/20,Electric Guitar,Kryptonite,Three Doors Down,Rock
4/1/20,Electric Guitar,Is Nowhere,Mayday Parade,Rock
4/1/20,Electric Guitar,Sureshot,Yellowcard,Rock
4/1/20,Electric Guitar,Telescope,Yellowcard,Rock
4/1/20,Piano,Moonlight Sonata,Beethoven,Classical
4/1/20,Piano,OG Stuff,Me,My Composition
4/2/20,Bass,Head Like a Hole,Nine Inch Nails,Rock
4/2/20,Bass,Something is Not Right With Me,Cold War Kids,Indie
4/2/20,Bass,This Must Be the Place,Talking Heads,Rock
4/2/20,Piano,Moonlight Sonata,Beethoven,Classical
4/2/20,Piano,Moonlight Sonata,Beethoven,Classical
4/2/20,Acoustic Guitar,Wait for Me,Motopony,Folk
4/2/20,Acoustic Guitar,Atlas Hands,Benjamin Francis Leftwich,Folk
4/2/20,Electric Guitar,Sureshot,Yellowcard,Rock
4/2/20,Electric Guitar,Animal I Have Become,Three Days Grace,Rock
4/2/20,Electric Guitar,Hanging by a Moment,Lifehouse,Rock
4/3/20,Electric Guitar,Sureshot,Yellowcard,Rock
4/3/20,Electric Guitar,Telescope,Yellowcard,Rock
4/3/20,Electric Guitar,Is Nowhere,Mayday Parade,Rock
4/3/20,Piano,Moonlight Sonata,Beethoven,Classical
4/3/20,Piano,Tempest Sonata,Beethoven,Classical
4/3/20,Piano,Sonatina - Opus 36 No 3,Clementi,Classical
4/4/20,Electric Guitar,Bury It,CHVRCHES,Indie
4/4/20,Electric Guitar,Telescope,Yellowcard,Rock
4/4/20,Electric Guitar,Is Nowhere,Mayday Parade,Rock
4/4/20,Electric Guitar,Decode,Paramore,Rock
4/4/20,Bass,This Must Be the Place,Talking Heads,Rock
4/4/20,Piano,Moonlight Sonata,Beethoven,Classical
4/4/20,Piano,Pompeii,Bastille,Indie
4/5/20,Acoustic Guitar,A Closeness,Dermot Kennedy,Folk
4/5/20,Piano,Moonlight Sonata,Beethoven,Classical
4/5/20,Piano,Tempest Sonata,Beethoven,Classical
4/5/20,Piano,Sonatina - Opus 36 No 3,Clementi,Classical
4/5/20,Electric Guitar,Rock Show,blink-182,Rock
4/5/20,Electric Guitar,Something is Not Right With Me,Cold War Kids,Indie
4/5/20,Electric Guitar,You're Gonna Go Far Kid,The Offspring,Rock
4/6/20,Electric Guitar,This Must Be the Place,Talking Heads,Rock
4/6/20,Electric Guitar,The Man Who Can't Be Moved,The Script,Pop
4/6/20,Piano,Moonlight Sonata,Beethoven,Classical
4/6/20,Piano,Sonatina - Opus 36 No 3,Clementi,Classical
4/6/20,Ukulele,Hey There Delilah,Plain White T's,Pop
4/6/20,Ukulele,5 Years Time,Noah and the Whale,Indie
4/7/20,Ukulele,Hey There Delilah,Plain White T's,Pop
4/7/20,Ukulele,Blackbird,The Beatles,Pop
4/7/20,Ukulele,Agape,Bears Den,Folk
4/7/20,Ukulele,Aliens Exist,blink-182,Rock
4/7/20,Electric Guitar,Decode,Paramore,Rock
4/7/20,Electric Guitar,Animal I Have Become,Three Days Grace,Rock
4/8/20,Acoustic Guitar,Slide,The Goo Goo Dolls,Rock
4/8/20,Acoustic Guitar,Bloom,The Paper Kites,Folk
4/8/20,Acoustic Guitar,A Closeness,Dermot Kennedy,Folk
4/9/20,Piano,Moonlight Sonata,Beethoven,Classical
4/9/20,Piano,Tempest Sonata,Beethoven,Classical
4/9/20,Ukulele,Hey There Delilah,Plain White T's,Pop
4/9/20,Ukulele,Blackbird,The Beatles,Pop
4/9/20,Ukulele,I'm Not Angry Anymore,Paramore,Rock
4/9/20,Electric Guitar,Fluorescent Adolescent,Arctic Monkeys,Indie
4/9/20,Electric Guitar,Two Weeks,All That Remains,Metal
4/9/20,Electric Guitar,Smells Like Teen Spirit,Nirvana,Rock
4/9/20,Electric Guitar,You're Gonna Go Far Kid,The Offspring,Rock
4/10/20,Ukulele,I'm Not Angry Anymore,Paramore,Rock
4/10/20,Ukulele,Hey There Delilah,Plain White T's,Pop
4/10/20,Piano,Moonlight Sonata,Beethoven,Classical
4/10/20,Electric Guitar,All Star,Smash Mouth,Rock
4/11/20,Piano,Moonlight Sonata,Beethoven,Classical
4/11/20,Electric Guitar,All Star,Smash Mouth,Rock
4/11/20,Electric Guitar,Caraphernelia,Pierce the Veil,Rock
4/12/20,Piano,Moonlight Sonata,Beethoven,Classical
4/12/20,Ukulele,Animal I Have Become,Three Days Grace,Rock
4/12/20,Electric Guitar,Break,Three Days Grace,Rock
4/12/20,Electric Guitar,Telescope,Yellowcard,Rock
4/13/20,Electric Guitar,Couldn't Believe,Broods,Pop
4/13/20,Piano,Moonlight Sonata,Beethoven,Classical
4/13/20,Electric Guitar,In Love with a Girl,Gavin DeGraw,Rock
4/13/20,Electric Guitar,All Star,Smash Mouth,Rock
4/13/20,Piano,The Scientist,Coldplay,Pop
4/14/20,Piano,Couldn't Believe (arrangement),Me,My Composition
4/14/20,Electric Guitar,Break,Three Days Grace,Rock
4/14/20,Electric Guitar,In Love with a Girl,Gavin DeGraw,Rock
4/14/20,Electric Guitar,Fluorescent Adolescent,Arctic Monkeys,Indie
4/15/20,Electric Guitar,Pretender,Foo Fighters,Rock
4/15/20,Acoustic Guitar,All Star,Smash Mouth,Rock
4/15/20,Bass,Animal I Have Become,Three Days Grace,Rock
4/15/20,Ukulele,Hey There Delilah,Plain White T's,Pop
4/15/20,Ukulele,I'm Not Angry Anymore,Paramore,Rock
4/15/20,Piano,Tempest Sonata,Beethoven,Classical
4/15/20,Piano,Moonlight Sonata,Beethoven,Classical
4/16/20,Piano,Moonlight Sonata,Beethoven,Classical
4/16/20,Electric Guitar,Awakening,Yellowcard,Rock
4/17/20,Electric Guitar,It's Not My Time,Three Doors Down,Rock
4/17/20,Electric Guitar,Slow Death,We are Scientists,Rock
4/17/20,Electric Guitar,Ignorance,Paramore,Rock
4/18/20,Piano,Moonlight Sonata,Beethoven,Classical
4/18/20,Piano,La Campanella,Liszt,Classical
4/18/20,Electric Guitar,Shake It,Metro Station,Pop
4/18/20,Electric Guitar,Hungry Like the Wolf,Duran Duran,Rock
4/18/20,Electric Guitar,Know Your Enemy,Green Day,Rock
4/18/20,Electric Guitar,Found Out About You,Gin Blossoms,Rock
4/18/20,Electric Guitar,1985',Bowling for Soup,Rock
4/19/20,Electric Guitar,Should I Stay or Should I Go,The Clash,Rock
4/19/20,Electric Guitar,Here I Am Alive,Yellowcard,Rock
4/19/20,Electric Guitar,Playing God,Paramore,Rock
4/19/20,Electric Guitar,Is Nowhere,Mayday Parade,Rock
4/19/20,Electric Guitar,Sureshot,Yellowcard,Rock
4/19/20,Piano,Moonlight Sonata,Beethoven,Classical
4/20/20,Electric Guitar,Talk Too Much,COIN,Indie
4/20/20,Electric Guitar,Kryptonite,Three Doors Down,Rock
4/20/20,Electric Guitar,Whip It,DEVO,Rock
4/20/20,Electric Guitar,Everything is Alright,Motion City Soundtrack,Rock
4/20/20,Electric Guitar,Slow Death,We are Scientists,Rock
4/20/20,Acoustic Guitar,How I Good,Yellowcard,Rock
4/21/20,Piano,Moonlight Sonata,Beethoven,Classical
4/21/20,Electric Guitar,Sex on Fire,Kings of Leon,Rock
4/21/20,Electric Guitar,Hungry Like the Wolf,Duran Duran,Rock
4/22/20,Electric Guitar,American Idiot,Green Day,Rock
4/22/20,Electric Guitar,The Anthem,Good Charlotte,Rock
4/23/20,Piano,Moonlight Sonata,Beethoven,Classical
4/23/20,Electric Guitar,If It's Not You,Keljet,Indie
4/23/20,Electric Guitar,Crash My Car,COIN,Indie
4/23/20,Electric Guitar,It's Not My Time,Three Doors Down,Rock
4/23/20,Electric Guitar,Last Resort,Papa Roach,Rock
4/23/20,Electric Guitar,Shake It,Metro Station,Pop
4/24/20,Electric Guitar,Rock Show,blink-182,Rock
4/24/20,Electric Guitar,Chasing Cars,Snow Patrol,Rock
4/24/20,Electric Guitar,Thank You for the Venom,My Chemical Romance,Rock
4/24/20,Electric Guitar,Dr. Feelgood,Motley Crue,Metal
4/25/20,Bass,Shooting Stars,Bag Raiders,Indie
4/25/20,Bass,I Wanna Be Sedated,The Ramones,Rock
4/25/20,Bass,Rescue Me,OneRepublic,Pop
4/25/20,Piano,Tempest Sonata,Beethoven,Classical
4/25/20,Electric Guitar,Thank You for the Venom,My Chemical Romance,Rock
4/26/20,Piano,Tempest Sonata,Beethoven,Classical
4/26/20,Electric Guitar,Thank You for the Venom,My Chemical Romance,Rock
4/26/20,Electric Guitar,1985',Bowling for Soup,Rock
4/27/20,Bass,Tainted Love,Soft Cell,Pop
4/27/20,Bass,Something is Not Right With Me,Cold War Kids,Indie
4/27/20,Bass,Shut Up and Let Me Go,The Ting Tings,Indie
4/27/20,Bass,Whip It,DEVO,Rock
4/27/20,Piano,Moonlight Sonata,Beethoven,Classical
4/27/20,Electric Guitar,Thank You for the Venom,My Chemical Romance,Rock
4/27/20,Electric Guitar,Awakening,Yellowcard,Rock
4/27/20,Electric Guitar,Found Out About You,Gin Blossoms,Rock
4/28/20,Acoustic Guitar,Bloom,The Paper Kites,Folk
4/28/20,Acoustic Guitar,Pretty Girl at the Airport,The Avett Brothers,Folk
4/28/20,Acoustic Guitar,History Book,Dry the River,Folk
4/28/20,Piano,Moonlight Sonata,Beethoven,Classical
4/29/20,Electric Guitar,Shake It,Metro Station,Pop
4/29/20,Electric Guitar,Pretender,Foo Fighters,Rock
4/29/20,Electric Guitar,Decode,Paramore,Rock
4/29/20,Electric Guitar,Normal Person,Arcade Fire,Indie
4/29/20,Electric Guitar,Do It All the Time,I Don't Know How But They Found Me,Indie
4/29/20,Piano,Moonlight Sonata,Beethoven,Classical
4/29/20,Bass,Compass Point,Holy Ghost,Indie
4/29/20,Bass,Whip It,DEVO,Rock
4/29/20,Bass,Shut Up and Let Me Go,The Ting Tings,Indie
4/30/20,Electric Guitar,When Did Your Heart Go Missing,Rooney,Indie
4/30/20,Electric Guitar,Here It Goes Again,OK GO,Indie
4/30/20,Acoustic Guitar,Wait for Me,Motopony,Folk
4/30/20,Acoustic Guitar,Pretty Girl at the Airport,The Avett Brothers,Folk
4/30/20,Piano,Moonlight Sonata,Beethoven,Classical
5/1/20,Electric Guitar,Whip It,DEVO,Rock
5/1/20,Electric Guitar,Do It All the Time,I Don't Know How But They Found Me,Indie
5/1/20,Electric Guitar,Here It Goes Again,OK GO,Indie
5/2/20,Bass,Miss Murder,AFI,Rock
5/2/20,Bass,Whip It,DEVO,Rock
5/2/20,Bass,1985',Bowling for Soup,Rock
5/2/20,Acoustic Guitar,Dragonfly,M. Craft,Folk
5/2/20,Acoustic Guitar,Wait for Me,Motopony,Folk
5/2/20,Acoustic Guitar,A Closeness,Dermot Kennedy,Folk
5/3/20,Piano,Moonlight Sonata,Beethoven,Classical
5/3/20,Electric Guitar,Awakening,Yellowcard,Rock
5/4/20,Piano,Moonlight Sonata,Beethoven,Classical
5/4/20,Electric Guitar,Hanging by a Moment,Lifehouse,Rock
5/4/20,Electric Guitar,Shooting Stars,Bag Raiders,Indie
5/4/20,Electric Guitar,Decode,Paramore,Rock
5/4/20,Electric Guitar,Dr. Feelgood,Motley Crue,Metal
5/4/20,Electric Guitar,OG Stuff,Me,My Composition
5/5/20,Ukulele,Hey There Delilah,Plain White T's,Pop
5/6/20,Electric Guitar,Shake It,Metro Station,Pop
5/6/20,Electric Guitar,Undercover Martyn,Two Door Cinema Club,Indie
5/6/20,Electric Guitar,Dark Side,blink-182,Rock
5/6/20,Piano,Moonlight Sonata,Beethoven,Classical
5/7/20,Piano,Moonlight Sonata,Beethoven,Classical
5/7/20,Bass,Miss Murder,AFI,Rock
5/7/20,Bass,Awakening,Yellowcard,Rock
5/8/20,Electric Guitar,Hungry Like the Wolf,Duran Duran,Rock
5/8/20,Electric Guitar,Found Out About You,Gin Blossoms,Rock
5/8/20,Electric Guitar,The Curse of the Curves,Cute is What We Aim For,Rock
5/9/20,Piano,Moonlight Sonata,Beethoven,Classical
5/10/20,Piano,Moonlight Sonata,Beethoven,Classical
5/10/20,Piano,Tempest Sonata,Beethoven,Classical
5/10/20,Electric Guitar,Supermassive Black Hole,Muse,Rock
5/10/20,Electric Guitar,Should I Stay or Should I Go,The Clash,Rock
5/10/20,Electric Guitar,Friday I'm in Love,The Cure,Rock
5/11/20,Piano,Sonatina - Opus 36 No 3,Clementi,Classical
5/11/20,Electric Guitar,Found Out About You,Gin Blossoms,Rock
5/12/20,Piano,Sonatina - Opus 36 No 3,Clementi,Classical
5/12/20,Electric Guitar,Some Might Say,Oasis,Rock
5/12/20,Electric Guitar,Supermassive Black Hole,Muse,Rock
5/12/20,Electric Guitar,Knights of Cydonia,Muse,Rock
5/13/20,Piano,Waterfall Etude,Chopin,Classical
5/13/20,Piano,Sonatina - Opus 36 No 3,Clementi,Classical
5/13/20,Bass,Hysteria,Muse,Rock
5/13/20,Bass,Feel Good Inc.,Gorillaz,Indie
5/14/20,Piano,Waterfall Etude,Chopin,Classical
5/14/20,Electric Guitar,Mr. Brightside,The Killers,Indie
5/14/20,Electric Guitar,Riot,Three Days Grace,Rock
5/15/20,Acoustic Guitar,Bloom,The Paper Kites,Folk
5/15/20,Acoustic Guitar,Pretty Girl at the Airport,The Avett Brothers,Folk
5/15/20,Piano,Waterfall Etude,Chopin,Classical
5/15/20,Bass,Hysteria,Muse,Rock
5/15/20,Bass,Miss Murder,AFI,Rock
5/15/20,Ukulele,Hey There Delilah,Plain White T's,Pop
5/15/20,Ukulele,Agape,Bears Den,Folk
5/16/20,Piano,Waterfall Etude,Chopin,Classical
5/17/20,Piano,Waterfall Etude,Chopin,Classical
5/17/20,Electric Guitar,For Whom The Bell Tolls,Metallica,Metal
5/17/20,Electric Guitar,Fortress,Pinback,Indie
5/17/20,Bass,Rasputin,Boney M,Pop
5/18/20,Piano,Waterfall Etude,Chopin,Classical
5/18/20,Piano,Sonatina - Opus 36 No 3,Clementi,Classical
5/18/20,Electric Guitar,Living on a Prayer,Bon Jovi,Rock
5/18/20,Electric Guitar,For Whom The Bell Tolls,Metallica,Metal
5/19/20,Piano,Enigma Variations,Elgar,Classical
5/19/20,Piano,Waterfall Etude,Chopin,Classical
5/20/20,Piano,Waterfall Etude,Chopin,Classical
5/21/20,Piano,Waterfall Etude,Chopin,Classical
5/22/20,Piano,Waterfall Etude,Chopin,Classical
5/23/20,Piano,Waterfall Etude,Chopin,Classical
5/23/20,Piano,Sonatina - Opus 36 No 3,Clementi,Classical
5/23/20,Electric Guitar,Living on a Prayer,Bon Jovi,Rock
5/24/20,Piano,Sonatina - Opus 36 No 3,Clementi,Classical
5/24/20,Acoustic Guitar,Dragonfly,M. Craft,Folk
5/25/20,Electric Guitar,Friday I'm in Love,The Cure,Rock
5/25/20,Electric Guitar,Kryptonite,Three Doors Down,Rock
5/25/20,Piano,Sonatina - Opus 36 No 3,Clementi,Classical
5/25/20,Piano,Enigma Variations,Elgar,Classical
5/25/20,Piano,Moonlight Sonata,Beethoven,Classical
5/26/20,Piano,Moonlight Sonata,Beethoven,Classical
5/26/20,Electric Guitar,You Give Love a Bad Name,Bon Jovi,Rock
5/26/20,Electric Guitar,Living on a Prayer,Bon Jovi,Rock
5/26/20,Electric Guitar,For Whom The Bell Tolls,Metallica,Metal
5/27/20,Electric Guitar,Living on a Prayer,Bon Jovi,Rock
5/27/20,Piano,Moonlight Sonata,Beethoven,Classical
5/27/20,Piano,Enigma Variations,Elgar,Classical
5/28/20,Piano,Waterfall Etude,Chopin,Classical
5/28/20,Piano,Moonlight Sonata,Beethoven,Classical
5/29/20,Electric Guitar,Living on a Prayer,Bon Jovi,Rock
5/29/20,Electric Guitar,For Whom The Bell Tolls,Metallica,Metal
5/29/20,Electric Guitar,Human,The Killers,Indie
5/30/20,Electric Guitar,Jump,Van Halen,Rock
5/30/20,Electric Guitar,Talk Too Much,COIN,Indie
5/30/20,Electric Guitar,Pens and Needles,Hawthorne Heights,Rock
5/30/20,Bass,Living on a Prayer,Bon Jovi,Rock
5/30/20,Bass,For Whom The Bell Tolls,Metallica,Metal
5/30/20,Piano,Sonatina - Opus 36 No 3,Clementi,Classical
5/31/20,Electric Guitar,Pens and Needles,Hawthorne Heights,Rock
5/31/20,Electric Guitar,You Give Love a Bad Name,Bon Jovi,Rock
5/31/20,Electric Guitar,Penelope,Pinback,Indie
5/31/20,Electric Guitar,Paralyzer,Finger Eleven,Rock
5/31/20,Electric Guitar,Gotta Get Away,The Black Keys,Indie
5/31/20,Piano,Enigma Variations,Elgar,Classical
5/31/20,Piano,Sonatina - Opus 36 No 3,Clementi,Classical
5/31/20,Piano,Waterfall Etude,Chopin,Classical
6/1/20,Piano,Waterfall Etude,Chopin,Classical
6/1/20,Electric Guitar,Pens and Needles,Hawthorne Heights,Rock
6/1/20,Electric Guitar,Gotta Get Away,The Black Keys,Indie
6/2/20,Piano,Waterfall Etude,Chopin,Classical
6/3/20,Piano,Waterfall Etude,Chopin,Classical
6/4/20,Piano,Waterfall Etude,Chopin,Classical
6/4/20,Electric Guitar,Stolen Dance,Milky Chance,Pop
6/5/20,Piano,Waterfall Etude,Chopin,Classical
6/5/20,Electric Guitar,The Most Beautiful Girl in the Room,Flight of the Concords,Pop
6/5/20,Electric Guitar,Stolen Dance,Milky Chance,Pop
6/5/20,Electric Guitar,Friday I'm in Love,The Cure,Rock
6/6/20,Piano,Waterfall Etude,Chopin,Classical
6/6/20,Piano,Moonlight Sonata,Beethoven,Classical
6/6/20,Piano,Tempest Sonata,Beethoven,Classical
6/6/20,Acoustic Guitar,A Closeness,Dermot Kennedy,Folk
6/7/20,Piano,Waterfall Etude,Chopin,Classical
6/8/20,Piano,Waterfall Etude,Chopin,Classical
6/8/20,Piano,Sonatina - Opus 36 No 3,Clementi,Classical
6/8/20,Bass,Hungry Like the Wolf,Duran Duran,Rock
6/8/20,Bass,Waterloo,ABBA,Pop
6/9/20,Piano,Waterfall Etude,Chopin,Classical
6/9/20,Electric Guitar,Gotta Get Away,The Black Keys,Indie
6/9/20,Electric Guitar,These Days,Nico,Rock
6/9/20,Electric Guitar,Voulez-Vous,ABBA,Pop
6/10/20,Piano,Waterfall Etude,Chopin,Classical
6/10/20,Electric Guitar,Telescope,Yellowcard,Rock
6/10/20,Electric Guitar,Animal I Have Become,Three Days Grace,Rock
6/10/20,Electric Guitar,Riot,Three Days Grace,Rock
6/11/20,Piano,Waterfall Etude,Chopin,Classical
6/11/20,Electric Guitar,Dr. Feelgood,Motley Crue,Metal
6/12/20,Piano,Waterfall Etude,Chopin,Classical
6/12/20,Piano,Moonlight Sonata,Beethoven,Classical
6/12/20,Piano,Invention 4,Bach,Classical
6/12/20,Bass,If I Ever Feel Better,Phoenix,Indie
6/13/20,Piano,Invention 4,Bach,Classical
6/13/20,Piano,Waltz in C# Minor,Chopin,Classical
6/13/20,Electric Guitar,Pens and Needles,Hawthorne Heights,Rock
6/14/20,Piano,Invention 4,Bach,Classical
6/14/20,Bass,Imagination,Foster the People,Indie
6/15/20,Piano,Invention 4,Bach,Classical
6/15/20,Electric Guitar,Imagination,Foster the People,Indie
6/15/20,Electric Guitar,You Give Love a Bad Name,Bon Jovi,Rock
6/15/20,Electric Guitar,The Most Beautiful Girl in the Room,Flight of the Concords,Pop
6/15/20,Electric Guitar,Dr. Feelgood,Motley Crue,Metal
6/16/20,Piano,Waterfall Etude,Chopin,Classical
6/17/20,Piano,Waltz in C# Minor,Chopin,Classical
6/17/20,Electric Guitar,Pens and Needles,Hawthorne Heights,Rock
6/17/20,Electric Guitar,Saltwater Room,Owl City,Pop
6/18/20,Piano,Waterfall Etude,Chopin,Classical
6/18/20,Piano,Moonlight Sonata,Beethoven,Classical
6/19/20,Piano,Waterfall Etude,Chopin,Classical
6/19/20,Piano,Invention 4,Bach,Classical
6/20/20,Piano,Waterfall Etude,Chopin,Classical
6/20/20,Acoustic Guitar,A Closeness,Dermot Kennedy,Folk
6/20/20,Acoustic Guitar,Never Mind,Foster the People,Indie
6/21/20,Piano,Waterfall Etude,Chopin,Classical
6/21/20,Electric Guitar,Saltwater Room,Owl City,Pop
6/21/20,Electric Guitar,Supermassive Black Hole,Muse,Rock
6/22/20,Piano,Waterfall Etude,Chopin,Classical
6/23/20,Piano,Waterfall Etude,Chopin,Classical
6/24/20,Acoustic Guitar,A Closeness,Dermot Kennedy,Folk
6/24/20,Acoustic Guitar,Never Mind,Foster the People,Indie
6/24/20,Acoustic Guitar,The Most Beautiful Girl in the Room,Flight of the Concords,Pop
6/25/20,Piano,Waterfall Etude,Chopin,Classical
6/26/20,Piano,Waterfall Etude,Chopin,Classical
6/27/20,Acoustic Guitar,Pretty Girl at the Airport,The Avett Brothers,Folk
6/27/20,Acoustic Guitar,Wait for Me,Motopony,Folk
6/28/20,Piano,Waterfall Etude,Chopin,Classical
6/28/20,Acoustic Guitar,Pretty Girl at the Airport,The Avett Brothers,Folk
6/28/20,Acoustic Guitar,Wait for Me,Motopony,Folk
6/29/20,Piano,Waterfall Etude,Chopin,Classical
6/29/20,Piano,Waltz in C# Minor,Chopin,Classical
6/29/20,Acoustic Guitar,Pretty Girl at the Airport,The Avett Brothers,Folk
6/29/20,Acoustic Guitar,Dragonfly,M. Craft,Folk
6/29/20,Electric Guitar,Diary of Jane,Breaking Benjamin,Rock
6/30/20,Acoustic Guitar,History Book,Dry the River,Folk
6/30/20,Acoustic Guitar,All the Pretty Girls,Kaleo,Folk
6/30/20,Piano,Waterfall Etude,Chopin,Classical
7/1/20,Electric Guitar,Saltwater Room,Owl City,Pop
7/2/20,Ukulele,Hey There Delilah,Plain White T's,Pop
7/3/20,Trumpet,Scales,N/A,Technique
7/3/20,Trombone,Scales,N/A,Technique
7/4/20,Ukulele,I'm Yours,Jason Mraz,Pop
7/5/20,Ukulele,I'm Yours,Jason Mraz,Pop
7/6/20,Trombone,Scales,N/A,Technique
7/7/20,Trumpet,Scales,N/A,Technique
7/8/20,Trumpet,Scales,N/A,Technique
7/9/20,Trumpet,Scales,N/A,Technique
7/10/20,Ukulele,Hey There Delilah,Plain White T's,Pop
7/11/20,Ukulele,I'm Yours,Jason Mraz,Pop
7/12/20,Ukulele,I'm Not Angry Anymore,Paramore,Rock
7/13/20,Piano,Waterfall Etude,Chopin,Classical
7/14/20,Piano,Waterfall Etude,Chopin,Classical
7/14/20,Piano,If It Wasn't for the Nights,ABBA,Pop
7/14/20,Acoustic Guitar,A Closeness,Dermot Kennedy,Folk
7/14/20,Acoustic Guitar,Black Flies,Ben Howard,Folk
7/14/20,Acoustic Guitar,Harmony Hall,Vampire Weekend,Indie
7/15/20,Piano,OG Stuff,Me,My Composition
7/15/20,Piano,Moonlight Sonata,Beethoven,Classical
7/15/20,Acoustic Guitar,Black Flies,Ben Howard,Folk
7/16/20,Electric Guitar,Supermassive Black Hole,Muse,Rock
7/16/20,Electric Guitar,Saltwater Room,Owl City,Pop
7/16/20,Piano,Moonlight Sonata,Beethoven,Classical
7/17/20,Piano,Moonlight Sonata,Beethoven,Classical
7/17/20,Piano,Waterfall Etude,Chopin,Classical
7/17/20,Piano,OG Stuff,Me,My Composition
7/18/20,Piano,OG Stuff,Me,My Composition
7/18/20,Piano,Enigma Variations,Elgar,Classical
7/19/20,Piano,Enigma Variations,Elgar,Classical
7/19/20,Electric Guitar,Hurts So Good,John Mellencamp,Rock
7/19/20,Electric Guitar,Dr. Feelgood,Motley Crue,Metal
7/20/20,Piano,Enigma Variations,Elgar,Classical
7/21/20,Piano,Enigma Variations,Elgar,Classical
7/21/20,Piano,Sonata 18,Beethoven,Classical
7/21/20,Bass,Do I Wanna Know,Arctic Monkeys,Indie
7/22/20,Piano,Enigma Variations,Elgar,Classical
7/22/20,Piano,Sonata 18,Beethoven,Classical
7/23/20,Piano,Sonata 18,Beethoven,Classical
7/24/20,Piano,Sonata 18,Beethoven,Classical
7/24/20,Electric Guitar,For Whom The Bell Tolls,Metallica,Metal
7/24/20,Bass,Do I Wanna Know,Arctic Monkeys,Indie
7/25/20,Piano,Sonata 18,Beethoven,Classical
7/25/20,Acoustic Guitar,Hasta Manana,ABBA,Pop
7/25/20,Electric Guitar,Voulez-Vous,ABBA,Pop
7/25/20,Electric Guitar,Saltwater Room,Owl City,Pop
7/25/20,Piano,OG Stuff,Me,My Composition
7/26/20,Bass,Honey Honey,ABBA,Pop
7/26/20,Piano,Sonata 18,Beethoven,Classical
7/27/20,Piano,Sonata 18,Beethoven,Classical
7/28/20,Electric Guitar,Eye of the Tiger,Survivor,Rock
7/28/20,Piano,Waterfall Etude,Chopin,Classical
7/29/20,Bass,Honey Honey,ABBA,Pop
7/29/20,Bass,Whip It,DEVO,Rock
7/30/20,Piano,OG Stuff,Me,My Composition
7/31/20,Piano,Waterfall Etude,Chopin,Classical
7/31/20,Piano,Saturn,Sleeping at Last,Indie
8/1/20,Acoustic Guitar,Honey Honey,ABBA,Pop
8/1/20,Piano,Sonata 18,Beethoven,Classical
8/1/20,Electric Guitar,Dr. Feelgood,Motley Crue,Metal
8/1/20,Electric Guitar,For Whom The Bell Tolls,Metallica,Metal
8/1/20,Electric Guitar,Talk Too Much,COIN,Indie
8/2/20,Piano,Sonata 18,Beethoven,Classical
8/2/20,Acoustic Guitar,OG Stuff,Me,My Composition
8/3/20,Piano,Sonata 18,Beethoven,Classical
8/3/20,Electric Guitar,For Whom The Bell Tolls,Metallica,Metal
8/3/20,Electric Guitar,Whip It,DEVO,Rock
8/4/20,Piano,Raindrop Prelude,Chopin,Classical
8/4/20,Piano,Tempest Sonata,Beethoven,Classical
8/4/20,Bass,A-punk,Vampire Weekend,Indie
8/5/20,Piano,Tempest Sonata,Beethoven,Classical
8/6/20,Piano,Tempest Sonata,Beethoven,Classical
8/6/20,Bass,A-punk,Vampire Weekend,Indie
8/6/20,Bass,Whip It,DEVO,Rock
8/6/20,Acoustic Guitar,Ghost in My Life,Wolf Gang,Indie
8/6/20,Piano,OG Stuff,Me,My Composition
8/7/20,Piano,Sonata 18,Beethoven,Classical
8/7/20,Acoustic Guitar,Chains of Love,Erasure,Pop
8/7/20,Piano,OG Stuff,Me,My Composition
8/8/20,Piano,Sonata 18,Beethoven,Classical
8/8/20,Acoustic Guitar,Chains of Love,Erasure,Pop
8/8/20,Acoustic Guitar,Wait for Me,Motopony,Folk
8/8/20,Acoustic Guitar,I Should Live in Salt,The National,Indie
8/8/20,Acoustic Guitar,The Scientist,Coldplay,Pop
8/9/20,Piano,Sonata 18,Beethoven,Classical
8/9/20,Piano,Waterfall Etude,Chopin,Classical
8/9/20,Piano,OG Stuff,Me,My Composition
8/10/20,Piano,Sonata 18,Beethoven,Classical
8/10/20,Piano,OG Stuff,Me,My Composition
8/11/20,Piano,Sonata 18,Beethoven,Classical
8/11/20,Bass,Do I Wanna Know,Arctic Monkeys,Indie
8/11/20,Piano,OG Stuff,Me,My Composition
8/12/20,Piano,Sonata 18,Beethoven,Classical
8/13/20,Piano,Sonata 18,Beethoven,Classical
8/13/20,Piano,Moonlight Sonata,Beethoven,Classical
8/14/20,Piano,Sonata 18,Beethoven,Classical
8/14/20,Piano,Moonlight Sonata,Beethoven,Classical
8/14/20,Piano,Tempest Sonata,Beethoven,Classical
8/14/20,Piano,OG Stuff,Me,My Composition
8/15/20,Piano,Sonata 18,Beethoven,Classical
8/15/20,Piano,Moonlight Sonata,Beethoven,Classical
8/15/20,Piano,Tempest Sonata,Beethoven,Classical
8/15/20,Piano,OG Stuff,Me,My Composition
8/16/20,Piano,Sonata 18,Beethoven,Classical
8/16/20,Bass,Do I Wanna Know,Arctic Monkeys,Indie
8/16/20,Bass,A-punk,Vampire Weekend,Indie
8/17/20,Piano,Sonata 18,Beethoven,Classical
8/18/20,Piano,Sonata 18,Beethoven,Classical
8/18/20,Electric Guitar,Kickstart My Heart,Motley Crue,Metal
8/19/20,Piano,Sonata 18,Beethoven,Classical
8/20/20,Piano,Sonata 18,Beethoven,Classical
8/21/20,Piano,Sonata 18,Beethoven,Classical
8/21/20,Piano,Moonlight Sonata,Beethoven,Classical
8/21/20,Electric Guitar,Dr. Feelgood,Motley Crue,Metal
8/21/20,Electric Guitar,Kickstart My Heart,Motley Crue,Metal
8/21/20,Electric Guitar,Whip It,DEVO,Rock
8/21/20,Acoustic Guitar,OG Stuff,Me,My Composition
8/22/20,Piano,Moonlight Sonata,Beethoven,Classical
8/22/20,Electric Guitar,Whip It,DEVO,Rock
8/23/20,Piano,Moonlight Sonata,Beethoven,Classical
8/23/20,Electric Guitar,Enter Sandman,Metallica,Metal
8/24/20,Electric Guitar,A-punk,Vampire Weekend,Indie
8/24/20,Electric Guitar,Enter Sandman,Metallica,Metal
8/24/20,Ukulele,OG Stuff,Me,My Composition
8/24/20,Piano,Sonata 18,Beethoven,Classical
8/24/20,Piano,Raindrop Prelude,Chopin,Classical
8/25/20,Electric Guitar,A-punk,Vampire Weekend,Indie
8/25/20,Electric Guitar,Pens and Needles,Hawthorne Heights,Rock
8/25/20,Piano,Raindrop Prelude,Chopin,Classical
8/26/20,Electric Guitar,Riot,Three Days Grace,Rock
8/26/20,Electric Guitar,OG Stuff,Me,My Composition
8/26/20,Piano,Waterfall Etude,Chopin,Classical
8/26/20,Ukulele,OG Stuff,Me,My Composition
8/27/20,Piano,OG Stuff,Me,My Composition
8/27/20,Electric Guitar,OG Stuff,Me,My Composition
8/27/20,Ukulele,OG Stuff,Me,My Composition
8/28/20,Piano,Waterfall Etude,Chopin,Classical
8/28/20,Bass,A-punk,Vampire Weekend,Indie
8/28/20,Bass,Miss Murder,AFI,Rock
8/29/20,Piano,Piano Sonata no. 3,Mozart,Classical
8/29/20,Electric Guitar,OG Stuff,Me,My Composition
8/29/20,Electric Guitar,Riot,Three Days Grace,Metal
8/30/20,Piano,Piano Sonata no. 3,Mozart,Classical
8/30/20,Electric Guitar,OG Stuff,Me,My Composition
8/31/20,Piano,Piano Sonata no. 3,Mozart,Classical
8/31/20,Bass,A-punk,Vampire Weekend,Indie
8/31/20,Bass,Dr. Feelgood,Motley Crue,Metal
9/1/20,Piano,Piano Sonata no. 3,Mozart,Classical
9/1/20,Acoustic Guitar,Greensleeves,N/A,Traditional
9/2/20,Piano,Piano Sonata no. 3,Mozart,Classical
9/3/20,Piano,Piano Sonata no. 3,Mozart,Classical
9/3/20,Piano,Phantasie no. 3,Mozart,Classical
9/3/20,Electric Guitar,Separate Ways (Worlds Apart),Journey,Rock
9/3/20,Electric Guitar,A-punk,Vampire Weekend,Indie
9/4/20,Piano,Phantasie no. 3,Mozart,Classical
9/4/20,Acoustic Guitar,Greensleeves,N/A,Traditional
9/5/20,Piano,Piano Sonata no. 3,Mozart,Classical
9/5/20,Electric Guitar,Living on a Prayer,Bon Jovi,Rock
9/6/20,Piano,Phantasie no. 3,Mozart,Classical
9/6/20,Electric Guitar,Living on a Prayer,Bon Jovi,Rock
9/7/20,Piano,Sonata 18,Beethoven,Classical
9/7/20,Piano,Phantasie no. 3,Mozart,Classical
9/7/20,Electric Guitar,OG Stuff,Me,My Composition
9/8/20,Piano,Sonata 18,Beethoven,Classical
9/8/20,Piano,Phantasie no. 3,Mozart,Classical
9/8/20,Electric Guitar,OG Stuff,Me,My Composition
9/9/20,Piano,Sonata 18,Beethoven,Classical
9/9/20,Piano,Phantasie no. 3,Mozart,Classical
9/9/20,Electric Guitar,OG Stuff,Me,My Composition
9/10/20,Piano,OG Stuff,Me,My Composition
9/10/20,Electric Guitar,Animal I Have Become,Three Days Grace,Rock
9/10/20,Electric Guitar,The Drug In Me Is You,Falling In Reverse,Rock
9/11/20,Piano,Phantasie no. 3,Mozart,Classical
9/12/20,Piano,OG Stuff,Me,My Composition
9/13/20,Bass,The Less I Know the Better,Tame Impala,Indie
9/13/20,Bass,A-punk,Vampire Weekend,Indie
9/13/20,Piano,OG Stuff,Me,My Composition
9/14/20,Piano,Invention 4,Bach,Classical
9/14/20,Piano,OG Stuff,Me,My Composition
9/14/20,Bass,The Less I Know the Better,Tame Impala,Indie
9/14/20,Bass,Hysteria,Muse,Rock
9/15/20,Piano,OG Stuff,Me,My Composition
9/15/20,Electric Guitar,Knights of Cydonia,Muse,Rock
9/15/20,Electric Guitar,Should I Stay or Should I Go,The Clash,Rock
9/15/20,Electric Guitar,That's What You Get,Paramore,Rock
9/16/20,Bass,Super Freak,Rick James,Pop
9/16/20,Bass,Hysteria,Muse,Rock
9/16/20,Piano,Pavane Pour Une Infante Defunte,Ravel,Classical
9/17/20,Electric Guitar,Hysteria,Muse,Rock
9/17/20,Piano,OG Stuff,Me,My Composition
9/17/20,Piano,Pavane Pour Une Infante Defunte,Ravel,Classical
9/18/20,Bass,Living on a Prayer,Bon Jovi,Rock
9/18/20,Bass,Feel Good Inc.,Gorillaz,Indie
9/18/20,Bass,Reptilia,The Strokes,Indie
9/18/20,Bass,The Less I Know the Better,Tame Impala,Indie
9/18/20,Bass,Whip It,DEVO,Rock
9/18/20,Piano,OG Stuff,Me,My Composition
9/18/20,Piano,Pavane Pour Une Infante Defunte,Ravel,Classical
9/19/20,Piano,OG Stuff,Me,My Composition
9/19/20,Electric Guitar,Knights of Cydonia,Muse,Rock
9/20/20,Acoustic Guitar,Let Her Go,Passenger,Folk
9/20/20,Piano,OG Stuff,Me,My Composition
9/20/20,Piano,Pavane Pour Une Infante Defunte,Ravel,Classical
9/20/20,Bass,Hysteria,Muse,Rock
9/20/20,Bass,The Chain,Fleetwood Mac,Rock
9/21/20,Piano,OG Stuff,Me,My Composition
9/21/20,Electric Guitar,Knights of Cydonia,Muse,Rock
9/21/20,Electric Guitar,Kickstart My Heart,Motley Crue,Metal
9/21/20,Bass,Lovesong,The Cure,Rock
9/22/20,Piano,OG Stuff,Me,My Composition
9/22/20,Electric Guitar,Separate Ways (Worlds Apart),Journey,Rock
9/22/20,Electric Guitar,Enter Sandman,Metallica,Metal
9/22/20,Bass,Lovesong,The Cure,Rock
9/22/20,Bass,Fluorescent Adolescent,Arctic Monkeys,Indie
9/23/20,Bass,Living on a Prayer,Bon Jovi,Rock
9/23/20,Bass,You Give Love a Bad Name,Bon Jovi,Rock
9/23/20,Piano,Sonatina - Opus 36 No 3,Clementi,Classical
9/23/20,Piano,OG Stuff,Me,My Composition
9/24/20,Piano,Sonatina - Opus 36 No 3,Clementi,Classical
9/24/20,Piano,Sonata 18,Beethoven,Classical
9/24/20,Electric Guitar,Separate Ways (Worlds Apart),Journey,Rock
9/24/20,Electric Guitar,You Give Love a Bad Name,Bon Jovi,Rock
9/25/20,Electric Guitar,Any Way You Want It,Journey,Rock
9/26/20,Electric Guitar,Any Way You Want It,Journey,Rock
9/26/20,Electric Guitar,Easy Lover,Phillip Bailey,Pop
9/26/20,Piano,OG Stuff,Me,My Composition
9/27/20,Piano,OG Stuff,Me,My Composition
9/27/20,Bass,Lovesong,The Cure,Rock
9/27/20,Bass,Fluorescent Adolescent,Arctic Monkeys,Indie
9/27/20,Ukulele,Hey There Delilah,Plain White T's,Pop
9/28/20,Bass,Lovesong,The Cure,Rock
9/28/20,Bass,Fluorescent Adolescent,Arctic Monkeys,Indie
9/28/20,Piano,OG Stuff,Me,My Composition
9/28/20,Piano,Sonata 18,Beethoven,Classical
9/29/20,Bass,Rasputin,Boney M,Pop
9/30/20,Electric Guitar,Breed,Nirvana,Rock
9/30/20,Electric Guitar,Fluorescent Adolescent,Arctic Monkeys,Indie
10/1/20,Electric Guitar,Girls Girls Girls,Motley Crue,Metal
10/1/20,Electric Guitar,For Whom The Bell Tolls,Metallica,Metal
10/1/20,Piano,Sonata 18,Beethoven,Classical
10/1/20,Piano,OG Stuff,Me,My Composition
10/2/20,Electric Guitar,For Whom The Bell Tolls,Metallica,Metal
10/2/20,Electric Guitar,Carry On Wayward Son,Kansas,Rock
10/3/20,Piano,Piano Sonata no. 3,Mozart,Classical
10/3/20,Electric Guitar,For Whom The Bell Tolls,Metallica,Metal
10/3/20,Electric Guitar,Carry On Wayward Son,Kansas,Rock
10/3/20,Electric Guitar,Whip It,DEVO,Rock
10/3/20,Electric Guitar,Breed,Nirvana,Rock
10/3/20,Electric Guitar,Separate Ways (Worlds Apart),Journey,Rock
10/3/20,Bass,Electric Feel,MGMT,Indie
10/3/20,Bass,Rasputin,Boney M,Pop
10/4/20,Piano,OG Stuff,Me,My Composition
10/5/20,Electric Guitar,What I Like About You,The Romantics,Rock
10/5/20,Electric Guitar,Jessie's Girl,Rick Springfield,Rock
10/5/20,Electric Guitar,We Didn't Start the Fire,Billy Joel,Rock
10/6/20,Piano,Moonlight Sonata,Beethoven,Classical
10/6/20,Piano,OG Stuff,Me,My Composition
10/7/20,Piano,OG Stuff,Me,My Composition
10/8/20,Piano,Moonlight Sonata,Beethoven,Classical
10/8/20,Electric Guitar,OG Stuff,Me,My Composition
10/8/20,Electric Guitar,Ain't Talkin Bout Love,Van Halen,Rock
10/8/20,Electric Guitar,Talk Too Much,COIN,Indie
10/9/20,Piano,Moonlight Sonata,Beethoven,Classical
10/9/20,Piano,OG Stuff,Me,My Composition
10/10/20,Piano,Moonlight Sonata,Beethoven,Classical
10/11/20,Piano,Moonlight Sonata,Beethoven,Classical
10/11/20,Piano,OG Stuff,Me,My Composition
10/11/20,Piano,Waterfall Etude,Chopin,Classical
10/11/20,Bass,Rasputin,Boney M,Pop
10/11/20,Bass,Hysteria,Muse,Rock
10/11/20,Bass,Silly Love Songs,Wings,Pop
10/11/20,Electric Guitar,Ain't Talkin Bout Love,Van Halen,Rock
10/11/20,Electric Guitar,Separate Ways (Worlds Apart),Journey,Rock
10/11/20,Electric Guitar,867-5309,Tommy Tutone,Rock
10/12/20,Piano,Waterfall Etude,Chopin,Classical
10/12/20,Piano,OG Stuff,Me,My Composition
10/12/20,Electric Guitar,Enter Sandman,Metallica,Metal
10/12/20,Electric Guitar,The Final Countdown,Europe,Rock
10/12/20,Electric Guitar,Carry On Wayward Son,Kansas,Rock
10/12/20,Electric Guitar,Ain't Talkin Bout Love,Van Halen,Rock
10/12/20,Electric Guitar,867-5309,Tommy Tutone,Rock
10/13/20,Piano,Moonlight Sonata,Beethoven,Classical
10/13/20,Piano,OG Stuff,Me,My Composition
10/14/20,Piano,Moonlight Sonata,Beethoven,Classical
10/14/20,Electric Guitar,867-5309,Tommy Tutone,Rock
10/14/20,Electric Guitar,Ain't Talkin Bout Love,Van Halen,Rock
10/14/20,Electric Guitar,crushcrushcrush,Paramore,Rock
10/14/20,Electric Guitar,Hungry Like the Wolf,Duran Duran,Rock
10/15/20,Piano,Moonlight Sonata,Beethoven,Classical
10/15/20,Piano,OG Stuff,Me,My Composition
10/15/20,Electric Guitar,Gimme All Your Lovin,ZZ Top,Rock
10/15/20,Electric Guitar,Smells Like Teen Spirit,Nirvana,Rock
10/15/20,Electric Guitar,Seven Nation Army,White Stripes,Rock
10/16/20,Piano,OG Stuff,Me,My Composition
10/16/20,Piano,Moonlight Sonata,Beethoven,Classical
10/17/20,Piano,Moonlight Sonata,Beethoven,Classical
10/17/20,Piano,OG Stuff,Me,My Composition
10/17/20,Electric Guitar,Eye of the Tiger,Survivor,Rock
10/17/20,Electric Guitar,Ain't Talkin Bout Love,Van Halen,Rock
10/17/20,Electric Guitar,Killing in the Name,Rage Against the Machine,Rock
10/17/20,Electric Guitar,Thank You for the Venom,My Chemical Romance,Rock
10/17/20,Electric Guitar,The Ghost of You,My Chemical Romance,Rock
10/17/20,Electric Guitar,Crazy Train,Ozzy Osbourne,Rock
10/17/20,Electric Guitar,crushcrushcrush,Paramore,Rock
10/17/20,Electric Guitar,Emergency,Paramore,Rock
10/17/20,Bass,Eye of the Tiger,Survivor,Rock
10/17/20,Bass,Rasputin,Boney M,Pop
10/18/20,Electric Guitar,Rasputin,Boney M,Pop
10/18/20,Electric Guitar,Crazy Train,Ozzy Osbourne,Rock
10/18/20,Acoustic Guitar,Riptide,Vance Joy,Folk
10/18/20,Acoustic Guitar,Bloom,The Paper Kites,Folk
10/19/20,Piano,Waltz in C# Minor,Chopin,Classical
10/19/20,Piano,Raindrop Prelude,Chopin,Classical
10/19/20,Bass,December 1963,Frankie Valli and the Four Seasons,Pop
10/19/20,Bass,Crazy Little Thing Called Love,Queen,Rock
10/19/20,Electric Guitar,Let's Get Rocked,Def Leppard,Metal
10/19/20,Electric Guitar,OG Stuff,Me,My Composition
10/20/20,Piano,Waltz in C# Minor,Chopin,Classical
10/20/20,Piano,Moonlight Sonata,Beethoven,Classical
10/20/20,Piano,OG Stuff,Me,My Composition
10/21/20,Bass,December 1963,Frankie Valli and the Four Seasons,Pop
10/21/20,Bass,Crazy Little Thing Called Love,Queen,Rock
10/21/20,Electric Guitar,Personal Jesus,Depeche Mode,Rock
10/21/20,Electric Guitar,Ain't Talkin Bout Love,Van Halen,Rock
10/21/20,Electric Guitar,Separate Ways (Worlds Apart),Journey,Rock
10/21/20,Electric Guitar,Living on a Prayer,Bon Jovi,Rock
10/21/20,Electric Guitar,Layla,Derek and the Dominos,Rock
10/22/20,Piano,Moonlight Sonata,Beethoven,Classical
10/23/20,Piano,Moonlight Sonata,Beethoven,Classical
10/23/20,Banjo,26,Caamp,Folk
10/23/20,Banjo,Agape,Bears Den,Folk
10/24/20,Banjo,26,Caamp,Folk
10/24/20,Banjo,OG Stuff,Me,My Composition
10/24/20,Piano,OG Stuff,Me,My Composition
10/24/20,Piano,Moonlight Sonata,Beethoven,Classical
10/24/20,Electric Guitar,Layla,Derek and the Dominos,Rock
10/24/20,Electric Guitar,Separate Ways (Worlds Apart),Journey,Rock
10/24/20,Electric Guitar,Dr. Feelgood,Motley Crue,Metal
10/24/20,Electric Guitar,Hungry Like the Wolf,Duran Duran,Rock
10/25/20,Piano,OG Stuff,Me,My Composition
10/25/20,Piano,Moonlight Sonata,Beethoven,Classical
10/26/20,Electric Guitar,Stone in Love,Journey,Rock
10/26/20,Electric Guitar,Seven Nation Army,White Stripes,Rock
10/26/20,Electric Guitar,Killing in the Name,Rage Against the Machine,Rock
10/26/20,Banjo,For the Widows in Paradise,Sufjan Stevens,Folk
10/26/20,Banjo,Take Us Back,Alela Diane,Folk
10/26/20,Piano,Sonata 18,Beethoven,Classical
10/26/20,Piano,Moonlight Sonata,Beethoven,Classical
10/26/20,Piano,OG Stuff,Me,My Composition
10/27/20,Piano,Moonlight Sonata,Beethoven,Classical
10/28/20,Piano,Moonlight Sonata,Beethoven,Classical
10/28/20,Electric Guitar,Thunderstruck,AC/DC,Metal
10/28/20,Electric Guitar,Crazy Train,Ozzy Osbourne,Rock
10/28/20,Banjo,For the Widows in Paradise,Sufjan Stevens,Folk
10/28/20,Banjo,Take Us Back,Alela Diane,Folk
10/28/20,Banjo,Agape,Bears Den,Folk
10/28/20,Banjo,Thunderstruck,AC/DC,Metal
10/29/20,Piano,Moonlight Sonata,Beethoven,Classical
10/29/20,Piano,OG Stuff,Me,My Composition
10/30/20,Piano,Moonlight Sonata,Beethoven,Classical
10/30/20,Piano,OG Stuff,Me,My Composition
10/31/20,Piano,Moonlight Sonata,Beethoven,Classical
10/31/20,Piano,OG Stuff,Me,My Composition
11/1/20,Piano,OG Stuff,Me,My Composition
11/1/20,Bass,Sir Duke,Stevie Wonder,R&B
11/1/20,Bass,A-punk,Vampire Weekend,Indie
11/2/20,Piano,OG Stuff,Me,My Composition
11/2/20,Piano,Moonlight Sonata,Beethoven,Classical
11/3/20,Piano,OG Stuff,Me,My Composition
11/4/20,Electric Guitar,Thunderstruck,AC/DC,Metal
11/4/20,Electric Guitar,Ain't Talkin Bout Love,Van Halen,Rock
11/4/20,Electric Guitar,Crazy Train,Ozzy Osbourne,Rock
11/4/20,Piano,OG Stuff,Me,My Composition
11/5/20,Piano,OG Stuff,Me,My Composition
11/6/20,Piano,OG Stuff,Me,My Composition
11/6/20,Banjo,I'm Not Angry Anymore,Paramore,Rock
11/6/20,Banjo,26,Caamp,Folk
11/6/20,Banjo,Agape,Bears Den,Folk
11/7/20,Piano,OG Stuff,Me,My Composition
11/8/20,Piano,OG Stuff,Me,My Composition
11/8/20,Piano,Tempest Sonata,Beethoven,Classical
11/9/20,Piano,OG Stuff,Me,My Composition
11/9/20,Piano,Tempest Sonata,Beethoven,Classical
11/9/20,Piano,Viva la Vida,Coldplay,Pop
11/10/20,Piano,OG Stuff,Me,My Composition
11/10/20,Piano,Viva la Vida,Coldplay,Pop
11/11/20,Piano,OG Stuff,Me,My Composition
11/11/20,Bass,Last Train to London,Electric Light Orchestra,Rock
11/11/20,Bass,Sir Duke,Stevie Wonder,R&B
11/12/20,Banjo,Take Me Home Country Roads,John Denver,Country
11/12/20,Ukulele,I'm Yours,Jason Mraz,Pop
11/13/20,Piano,OG Stuff,Me,My Composition
11/14/20,Piano,OG Stuff,Me,My Composition
11/15/20,Piano,OG Stuff,Me,My Composition
11/15/20,Electric Guitar,OG Stuff,Me,My Composition
11/16/20,Electric Guitar,More Than a Feeling,Boston,Rock
11/16/20,Electric Guitar,Living on a Prayer,Bon Jovi,Rock
11/16/20,Electric Guitar,Killing in the Name,Rage Against the Machine,Rock
11/16/20,Electric Guitar,Supermassive Black Hole,Muse,Rock
11/16/20,Piano,OG Stuff,Me,My Composition
11/17/20,Piano,OG Stuff,Me,My Composition
11/18/20,Piano,OG Stuff,Me,My Composition
11/19/20,Piano,OG Stuff,Me,My Composition
11/20/20,Banjo,26,Caamp,Folk
11/20/20,Electric Guitar,Ain't Talkin Bout Love,Van Halen,Rock
11/20/20,Electric Guitar,Whip It,DEVO,Rock
11/21/20,Electric Guitar,Ain't Talkin Bout Love,Van Halen,Rock
11/21/20,Electric Guitar,Whip It,DEVO,Rock
11/22/20,Electric Guitar,Dr. Feelgood,Motley Crue,Metal
11/22/20,Banjo,Do You Believe in Magic,The Lovin Spoonful,Pop
11/23/20,Electric Guitar,Supermassive Black Hole,Muse,Rock
11/23/20,Electric Guitar,My Own Worst Enemy,Lit,Rock
11/23/20,Electric Guitar,OG Stuff,Me,My Composition
11/24/20,Electric Guitar,My Own Worst Enemy,Lit,Rock
11/24/20,Electric Guitar,OG Stuff,Me,My Composition
11/25/20,Electric Guitar,My Own Worst Enemy,Lit,Rock
11/25/20,Electric Guitar,Ain't Talkin Bout Love,Van Halen,Rock
11/25/20,Piano,OG Stuff,Me,My Composition
11/26/20,Electric Guitar,Enter Sandman,Metallica,Metal
11/26/20,Electric Guitar,Ottoman,Vampire Weekend,Indie
11/26/20,Electric Guitar,Carry On Wayward Son,Kansas,Rock
11/26/20,Electric Guitar,OG Stuff,Me,My Composition
11/26/20,Banjo,Unwell,Matchbox Twenty,Rock
11/27/20,Electric Guitar,Ottoman,Vampire Weekend,Indie
11/27/20,Electric Guitar,Layla,Derek and the Dominos,Rock
11/28/20,Electric Guitar,Crazy Train,Ozzy Osbourne,Rock
11/28/20,Electric Guitar,OG Stuff,Me,My Composition
11/28/20,Acoustic Guitar,Waterloo,ABBA,Pop
11/29/20,Electric Guitar,OG Stuff,Me,My Composition
11/29/20,Electric Guitar,Thunderstruck,AC/DC,Metal
11/29/20,Acoustic Guitar,Waterloo,ABBA,Pop
11/29/20,Piano,Moonlight Sonata,Beethoven,Classical
11/30/20,Piano,OG Stuff,Me,My Composition
12/1/20,Piano,OG Stuff,Me,My Composition
12/2/20,Piano,OG Stuff,Me,My Composition
12/3/20,Piano,OG Stuff,Me,My Composition
12/3/20,Piano,Sonata 18,Beethoven,Classical
12/3/20,Electric Guitar,Dr. Feelgood,Motley Crue,Metal
12/3/20,Electric Guitar,Feel Good Drag,Anberlin,Rock
12/3/20,Acoustic Guitar,Waterloo,ABBA,Pop
12/4/20,Piano,Sonata 18,Beethoven,Classical
12/4/20,Piano,OG Stuff,Me,My Composition
12/5/20,Piano,OG Stuff,Me,My Composition
12/6/20,Piano,OG Stuff,Me,My Composition
12/6/20,Electric Guitar,OG Stuff,Me,My Composition
12/6/20,Electric Guitar,Layla,Derek and the Dominos,Rock
12/6/20,Electric Guitar,Killing in the Name,Rage Against the Machine,Rock
12/6/20,Electric Guitar,Separate Ways (Worlds Apart),Journey,Rock
12/6/20,Electric Guitar,Riot,Three Days Grace,Rock
12/6/20,Acoustic Guitar,Waterloo,ABBA,Pop
12/7/20,Piano,Sonata 18,Beethoven,Classical
12/7/20,Piano,OG Stuff,Me,My Composition
12/7/20,Acoustic Guitar,Paradise,City and Colour,Indie
12/7/20,Acoustic Guitar,Waterloo,ABBA,Pop
12/7/20,Electric Guitar,Carry On Wayward Son,Kansas,Rock
12/8/20,Piano,Sonata 18,Beethoven,Classical
12/8/20,Piano,OG Stuff,Me,My Composition
12/8/20,Bass,December 1963,Frankie Valli and the Four Seasons,Pop
12/8/20,Bass,Hysteria,Muse,Rock
12/8/20,Bass,Fluorescent Adolescent,Arctic Monkeys,Indie
12/9/20,Piano,OG Stuff,Me,My Composition
12/9/20,Piano,Piano Sonata no. 3,Mozart,Classical
12/10/20,Electric Guitar,Rock You Like a Hurricane,Scorpions,Rock
12/10/20,Electric Guitar,The Final Countdown,Europe,Rock
12/11/20,Piano,OG Stuff,Me,My Composition
12/11/20,Piano,Piano Sonata no. 3,Mozart,Classical
12/12/20,Bass,Last Train to London,Electric Light Orchestra,Rock
12/12/20,Bass,Fluorescent Adolescent,Arctic Monkeys,Indie
12/12/20,Electric Guitar,Rock You Like a Hurricane,Scorpions,Rock
12/12/20,Electric Guitar,The Final Countdown,Europe,Rock
12/12/20,Electric Guitar,December 1963,Frankie Valli and the Four Seasons,Pop
12/13/20,Electric Guitar,December 1963,Frankie Valli and the Four Seasons,Pop
12/13/20,Electric Guitar,Talk Too Much,COIN,Indie
12/13/20,Acoustic Guitar,Waterloo,ABBA,Pop
12/13/20,Piano,OG Stuff,Me,My Composition
12/14/20,Banjo,26,Caamp,Folk
12/14/20,Banjo,Agape,Bears Den,Folk
12/14/20,Banjo,OG Stuff,Me,My Composition
12/14/20,Acoustic Guitar,Waterloo,ABBA,Pop
12/14/20,Piano,The Entertainer,Scott Joplin,Ragtime
12/14/20,Piano,OG Stuff,Me,My Composition
12/15/20,Piano,The Entertainer,Scott Joplin,Ragtime
12/15/20,Piano,OG Stuff,Me,My Composition
12/15/20,Electric Guitar,The Final Countdown,Europe,Rock
12/15/20,Electric Guitar,Hold the Line,TOTO,Rock
12/16/20,Electric Guitar,Enter Sandman,Metallica,Metal
12/16/20,Electric Guitar,Under the Milky Way,The Church,Rock
12/16/20,Electric Guitar,Do I Wanna Know,Arctic Monkeys,Indie
12/17/20,Piano,The Entertainer,Scott Joplin,Ragtime
12/18/20,Electric Guitar,The Final Countdown,Europe,Rock
12/18/20,Electric Guitar,OG Stuff,Me,My Composition
12/18/20,Piano,The Entertainer,Scott Joplin,Ragtime
12/19/20,Electric Guitar,Kryptonite,Three Doors Down,Rock
12/19/20,Electric Guitar,Living on a Prayer,Bon Jovi,Rock
12/19/20,Bass,The Less I Know the Better,Tame Impala,Indie
12/19/20,Bass,Silly Love Songs,Wings,Pop
12/19/20,Bass,Sir Duke,Stevie Wonder,R&B
12/20/20,Ukulele,OG Stuff,Me,My Composition
12/20/20,Piano,The Entertainer,Scott Joplin,Ragtime
12/20/20,Piano,OG Stuff,Me,My Composition
12/21/20,Piano,Gnossienne 1,Satie,Classical
12/21/20,Piano,OG Stuff,Me,My Composition
12/22/20,Piano,OG Stuff,Me,My Composition
12/22/20,Electric Guitar,December 1963,Frankie Valli and the Four Seasons,Pop
12/22/20,Electric Guitar,OG Stuff,Me,My Composition
12/22/20,Acoustic Guitar,Waterloo,ABBA,Pop
12/22/20,Banjo,26,Caamp,Folk
12/22/20,Banjo,Unwell,Matchbox Twenty,Rock
12/22/20,Banjo,OG Stuff,Me,My Composition
12/23/20,Piano,Sonatina - Opus 36 No 3,Clementi,Classical
12/23/20,Piano,Nocturne in F# minor,Rachmaninov,Classical
12/23/20,Piano,OG Stuff,Me,My Composition
12/24/20,Piano,Nocturne in F# minor,Rachmaninov,Classical
12/24/20,Piano,OG Stuff,Me,My Composition
12/24/20,Piano,The Entertainer,Scott Joplin,Ragtime
12/24/20,Electric Guitar,Any Way You Want It,Journey,Rock
12/24/20,Electric Guitar,Rock Show,blink-182,Rock
12/24/20,Electric Guitar,Slow Death,We are Scientists,Rock
12/24/20,Bass,December 1963,Frankie Valli and the Four Seasons,Pop
12/24/20,Bass,Come As You Are,Nirvana,Rock
12/24/20,Bass,Californication,Red Hot Chili Peppers,Rock
12/25/20,Piano,Nocturne in F# minor,Rachmaninov,Classical
12/25/20,Piano,The Entertainer,Scott Joplin,Ragtime
12/25/20,Electric Guitar,Californication,Red Hot Chili Peppers,Rock
12/25/20,Electric Guitar,Thunderstruck,AC/DC,Metal
12/25/20,Bass,Do I Wanna Know,Arctic Monkeys,Indie
12/25/20,Bass,Scar Tissue,Red Hot Chili Peppers,Rock
12/26/20,Piano,Nocturne in F# minor,Rachmaninov,Classical
12/26/20,Piano,Sonata 18,Beethoven,Classical
12/26/20,Piano,First Arabesque,Debussy,Classical
12/27/20,Piano,First Arabesque,Debussy,Classical
12/27/20,Electric Guitar,Scar Tissue,Red Hot Chili Peppers,Rock
12/27/20,Electric Guitar,Easy Lover,Phillip Bailey,Pop
12/28/20,Piano,Nocturne in F# minor,Rachmaninov,Classical
12/28/20,Piano,First Arabesque,Debussy,Classical
12/29/20,Piano,Nocturne in F# minor,Rachmaninov,Classical
12/29/20,Piano,First Arabesque,Debussy,Classical
12/30/20,Piano,Nocturne in F# minor,Rachmaninov,Classical
12/30/20,Piano,First Arabesque,Debussy,Classical
12/30/20,Piano,OG Stuff,Me,My Composition
12/31/20,Piano,Nocturne in F# minor,Rachmaninov,Classical
12/31/20,Piano,Sonata 18,Beethoven,Classical
12/31/20,Electric Guitar,Easy Lover,Phillip Bailey,Pop
12/31/20,Electric Guitar,Carry On Wayward Son,Kansas,Rock
12/31/20,Electric Guitar,Misery Business,Paramore,Rock
1/1/21,Piano,Nocturne in F# minor,Rachmaninov,Classical
1/1/21,Piano,First Arabesque,Debussy,Classical
1/1/21,Piano,Sonata 18,Beethoven,Classical
1/1/21,Electric Guitar,OG Stuff,Me,My Composition
1/1/21,Electric Guitar,Ain't Talkin Bout Love,Van Halen,Rock
1/2/21,Piano,Nocturne in F# minor,Rachmaninov,Classical
1/2/21,Piano,Sonata 18,Beethoven,Classical
1/3/21,Piano,Moonlight Sonata,Beethoven,Classical
1/3/21,Piano,First Arabesque,Debussy,Classical
1/3/21,Piano,OG Stuff,Me,My Composition
1/3/21,Electric Guitar,Easy Lover,Phillip Bailey,Pop
1/3/21,Acoustic Guitar,Waterloo,ABBA,Pop
1/3/21,Acoustic Guitar,Paradise,City and Colour,Indie
1/4/21,Piano,Moonlight Sonata,Beethoven,Classical
1/4/21,Piano,OG Stuff,Me,My Composition
1/4/21,Electric Guitar,Easy Lover,Phillip Bailey,Pop
1/5/21,Piano,Nocturne in F# minor,Rachmaninov,Classical
1/5/21,Piano,First Arabesque,Debussy,Classical
1/5/21,Piano,OG Stuff,Me,My Composition
1/6/21,Piano,Nocturne in F# minor,Rachmaninov,Classical
1/6/21,Piano,OG Stuff,Me,My Composition
1/7/21,Piano,Nocturne in F# minor,Rachmaninov,Classical
1/7/21,Piano,OG Stuff,Me,My Composition
1/8/21,Piano,Nocturne in F# minor,Rachmaninov,Classical
1/8/21,Piano,OG Stuff,Me,My Composition
1/9/21,Piano,Nocturne in F# minor,Rachmaninov,Classical
1/10/21,Piano,Nocturne in F# minor,Rachmaninov,Classical
1/10/21,Piano,Sonata 16 in C Major,Mozart,Classical
1/10/21,Electric Guitar,Hit Me With Your Best Shot,Pat Benatar,Rock
1/10/21,Electric Guitar,Easy Lover,Phillip Bailey,Pop
1/10/21,Electric Guitar,Immigrant Song,Led Zeppelin,Rock
1/10/21,Electric Guitar,Personal Jesus,Depeche Mode,Rock
1/11/21,Piano,Nocturne in F# minor,Rachmaninov,Classical
1/11/21,Piano,OG Stuff,Me,My Composition
1/12/21,Piano,Nocturne in F# minor,Rachmaninov,Classical
1/12/21,Piano,OG Stuff,Me,My Composition
1/13/21,Acoustic Guitar,Big Love,Fleetwood Mac,Rock
1/13/21,Electric Guitar,Easy Lover,Phillip Bailey,Pop
1/13/21,Piano,Nocturne in F# minor,Rachmaninov,Classical
1/13/21,Piano,Phantasie no. 3,Mozart,Classical
1/13/21,Piano,OG Stuff,Me,My Composition
1/14/21,Piano,Phantasie no. 3,Mozart,Classical
1/14/21,Piano,OG Stuff,Me,My Composition
1/15/21,Banjo,Best Day of My Life,American Authors,Indie
1/15/21,Piano,Phantasie no. 3,Mozart,Classical
1/15/21,Piano,OG Stuff,Me,My Composition
1/15/21,Piano,Nocturne in F# minor,Rachmaninov,Classical
1/16/21,Piano,OG Stuff,Me,My Composition
1/16/21,Electric Guitar,Crazy Train,Ozzy Osbourne,Rock
1/16/21,Bass,December 1963,Frankie Valli and the Four Seasons,Pop
1/16/21,Bass,The Chain,Fleetwood Mac,Rock
1/16/21,Bass,London Calling,The Clash,Rock
1/16/21,Piano,Nocturne in F# minor,Rachmaninov,Classical
1/17/21,Piano,OG Stuff,Me,My Composition
1/17/21,Piano,Nocturne in F# minor,Rachmaninov,Classical
1/17/21,Electric Guitar,Found Out About You,Gin Blossoms,Rock
1/18/21,Piano,OG Stuff,Me,My Composition
1/18/21,Piano,Nocturne in F# minor,Rachmaninov,Classical
1/19/21,Piano,OG Stuff,Me,My Composition
1/19/21,Piano,Nocturne in F# minor,Rachmaninov,Classical
1/20/21,Piano,OG Stuff,Me,My Composition
1/20/21,Piano,Nocturne in F# minor,Rachmaninov,Classical
1/20/21,Piano,First Arabesque,Debussy,Classical
1/21/21,Piano,OG Stuff,Me,My Composition
1/21/21,Piano,Nocturne in F# minor,Rachmaninov,Classical
1/21/21,Piano,First Arabesque,Debussy,Classical
1/22/21,Piano,OG Stuff,Me,My Composition
1/22/21,Piano,Nocturne in F# minor,Rachmaninov,Classical
1/22/21,Electric Guitar,Come As You Are,Nirvana,Rock
1/22/21,Electric Guitar,Dream On,Aerosmith,Rock
1/23/21,Piano,OG Stuff,Me,My Composition
1/23/21,Piano,Nocturne in F# minor,Rachmaninov,Classical
1/23/21,Piano,Sonata 16 in C Major,Mozart,Classical
1/23/21,Electric Guitar,OG Stuff,Me,My Composition
1/24/21,Electric Guitar,Dream On,Aerosmith,Rock
1/24/21,Electric Guitar,Easy Lover,Phillip Bailey,Pop
1/24/21,Piano,OG Stuff,Me,My Composition
1/24/21,Piano,Nocturne in F# minor,Rachmaninov,Classical
1/25/21,Piano,OG Stuff,Me,My Composition
1/25/21,Piano,Nocturne in F# minor,Rachmaninov,Classical
1/25/21,Electric Guitar,Easy Lover,Phillip Bailey,Pop
1/25/21,Electric Guitar,OG Stuff,Me,My Composition
1/25/21,Piano,Sonata 8 Pathetique,Beethoven,Classical
1/26/21,Piano,Sonata 8 Pathetique,Beethoven,Classical
1/26/21,Electric Guitar,OG Stuff,Me,My Composition
1/27/21,Piano,Nocturne in F# minor,Rachmaninov,Classical
1/27/21,Electric Guitar,OG Stuff,Me,My Composition
1/27/21,Electric Guitar,Easy Lover,Phillip Bailey,Pop
1/28/21,Piano,OG Stuff,Me,My Composition
1/29/21,Electric Guitar,Ain't Talkin Bout Love,Van Halen,Rock
1/29/21,Electric Guitar,Another Girl Another Planet,The Only Ones,Rock
1/29/21,Piano,OG Stuff,Me,My Composition
1/30/21,Piano,Nocturne in F# minor,Rachmaninov,Classical
1/30/21,Piano,OG Stuff,Me,My Composition
1/31/21,Piano,Nocturne in F# minor,Rachmaninov,Classical
1/31/21,Piano,OG Stuff,Me,My Composition
1/31/21,Electric Guitar,OG Stuff,Me,My Composition
1/31/21,Ukulele,OG Stuff,Me,My Composition
2/1/21,Piano,OG Stuff,Me,My Composition
2/2/21,Piano,OG Stuff,Me,My Composition
2/3/21,Piano,OG Stuff,Me,My Composition
2/3/21,Piano,Nocturne in F# minor,Rachmaninov,Classical
2/4/21,Piano,OG Stuff,Me,My Composition
2/4/21,Banjo,OG Stuff,Me,My Composition
2/5/21,Piano,OG Stuff,Me,My Composition
2/6/21,Piano,OG Stuff,Me,My Composition
2/7/21,Piano,OG Stuff,Me,My Composition
2/8/21,Piano,OG Stuff,Me,My Composition
2/9/21,Piano,OG Stuff,Me,My Composition
2/10/21,Piano,OG Stuff,Me,My Composition
2/11/21,Piano,OG Stuff,Me,My Composition
2/12/21,Piano,OG Stuff,Me,My Composition
2/13/21,Piano,OG Stuff,Me,My Composition
2/14/21,Piano,OG Stuff,Me,My Composition
2/14/21,Ukulele,OG Stuff,Me,My Composition
2/15/21,Piano,OG Stuff,Me,My Composition
2/16/21,Piano,OG Stuff,Me,My Composition
2/17/21,Piano,OG Stuff,Me,My Composition
2/18/21,Piano,OG Stuff,Me,My Composition
2/19/21,Piano,OG Stuff,Me,My Composition
2/20/21,Piano,OG Stuff,Me,My Composition
2/21/21,Piano,OG Stuff,Me,My Composition
2/22/21,Piano,OG Stuff,Me,My Composition
2/23/21,Piano,OG Stuff,Me,My Composition
2/24/21,Piano,OG Stuff,Me,My Composition
2/25/21,Piano,OG Stuff,Me,My Composition
2/26/21,Piano,OG Stuff,Me,My Composition
2/27/21,Piano,OG Stuff,Me,My Composition
2/28/21,Piano,OG Stuff,Me,My Composition
3/1/21,Piano,OG Stuff,Me,My Composition
3/2/21,Piano,OG Stuff,Me,My Composition
3/3/21,Piano,OG Stuff,Me,My Composition
3/4/21,Piano,OG Stuff,Me,My Composition
3/5/21,Piano,OG Stuff,Me,My Composition
3/6/21,Piano,OG Stuff,Me,My Composition
3/6/21,Electric Guitar,Hungry Like the Wolf,Duran Duran,Rock
3/6/21,Electric Guitar,Dream On,Aerosmith,Rock
3/6/21,Electric Guitar,OG Stuff,Me,My Composition
3/7/21,Piano,OG Stuff,Me,My Composition
3/8/21,Electric Guitar,Dream On,Aerosmith,Rock
3/8/21,Electric Guitar,Ain't Talkin Bout Love,Van Halen,Rock
3/8/21,Piano,OG Stuff,Me,My Composition
3/9/21,Piano,OG Stuff,Me,My Composition
3/10/21,Piano,OG Stuff,Me,My Composition
3/10/21,Piano,Nocturne in F# minor,Rachmaninov,Classical
3/11/21,Piano,OG Stuff,Me,My Composition
3/12/21,Piano,OG Stuff,Me,My Composition
3/13/21,Piano,OG Stuff,Me,My Composition
3/14/21,Electric Guitar,December 1963,Frankie Valli and the Four Seasons,Pop
3/14/21,Electric Guitar,Easy Lover,Phillip Bailey,Pop
3/14/21,Electric Guitar,Kickstart My Heart,Motley Crue,Metal
3/14/21,Piano,Nocturne in F# minor,Rachmaninov,Classical
3/14/21,Piano,Moonlight Sonata,Beethoven,Classical
3/15/21,Piano,OG Stuff,Me,My Composition
3/16/21,Electric Guitar,Easy Lover,Phillip Bailey,Pop
3/16/21,Electric Guitar,For Whom The Bell Tolls,Metallica,Metal
3/16/21,Electric Guitar,OG Stuff,Me,My Composition
3/16/21,Piano,OG Stuff,Me,My Composition
3/17/21,Piano,Moonlight Sonata,Beethoven,Classical
3/18/21,Piano,OG Stuff,Me,My Composition
3/18/21,Piano,Moonlight Sonata,Beethoven,Classical
3/19/21,Electric Guitar,Easy Lover,Phillip Bailey,Pop
3/19/21,Electric Guitar,Separate Ways (Worlds Apart),Journey,Rock
3/20/21,Banjo,Come On Eileen,Dexys Midnight Runners,Pop
3/20/21,Banjo,Unwell,Matchbox Twenty,Rock
3/20/21,Piano,Moonlight Sonata,Beethoven,Classical
3/20/21,Piano,Nocturne in F# minor,Rachmaninov,Classical
3/20/21,Piano,Waterfall Etude,Chopin,Classical
3/20/21,Bass,The Less I Know the Better,Tame Impala,Indie
3/20/21,Bass,Holiday Road,Lindsey Buckingham,Rock
3/21/21,Electric Guitar,Living on a Prayer,Bon Jovi,Rock
3/21/21,Electric Guitar,Knights of Cydonia,Muse,Rock
3/21/21,Piano,OG Stuff,Me,My Composition
3/21/21,Piano,Waterfall Etude,Chopin,Classical
3/22/21,Piano,Waterfall Etude,Chopin,Classical
3/22/21,Piano,OG Stuff,Me,My Composition
3/23/21,Piano,Waterfall Etude,Chopin,Classical
3/24/21,Piano,OG Stuff,Me,My Composition
3/24/21,Piano,Waterfall Etude,Chopin,Classical
3/25/21,Electric Guitar,Easy Lover,Philip Bailey,Pop
3/25/21,Electric Guitar,Whip It,DEVO,Rock
3/25/21,Piano,OG Stuff,Me,My Composition
3/26/21,Bass,Do You Believe in Love,Huey Lewis & the News,Pop
3/26/21,Bass,Whip It,DEVO,Rock
3/26/21,Bass,Rasputin,Boney M,Pop
3/26/21,Piano,Waterfall Etude,Chopin,Classical
3/27/21,Electric Guitar,Dream On,Aerosmith,Rock
3/27/21,Piano,OG Stuff,Me,My Composition
3/28/21,Electric Guitar,Dream On,Aerosmith,Rock
3/28/21,Piano,Nocturne in F# minor,Rachmaninov,Classical
3/29/21,Piano,Moonlight Sonata,Beethoven,Classical
3/29/21,Piano,Nocturne in F# minor,Rachmaninov,Classical
3/30/21,Piano,OG Stuff,Me,My Composition
3/31/21,Piano,Moonlight Sonata,Beethoven,Classical
4/1/21,Piano,Moonlight Sonata,Beethoven,Classical
4/1/21,Piano,Nocturne in F# minor,Rachmaninov,Classical
4/2/21,Piano,Moonlight Sonata,Beethoven,Classical
4/3/21,Electric Guitar,Easy Lover,Philip Bailey,Pop
4/3/21,Electric Guitar,Separate Ways (Worlds Apart),Journey,Rock
4/4/21,Piano,Moonlight Sonata,Beethoven,Classical
4/5/21,Piano,OG Stuff,Me,My Composition
4/6/21,Electric Guitar,Separate Ways (Worlds Apart),Journey,Rock
4/7/21,Piano,OG Stuff,Me,My Composition
4/8/21,Piano,Moonlight Sonata,Beethoven,Classical
4/9/21,Piano,Moonlight Sonata,Beethoven,Classical
4/10/21,Piano,Moonlight Sonata,Beethoven,Classical
4/10/21,Electric Guitar,Rock of Ages,Def Leppard,Metal
4/10/21,Electric Guitar,Knights of Cydonia,Muse,Rock
4/11/21,Piano,Moonlight Sonata,Beethoven,Classical
4/11/21,Piano,OG Stuff,Me,My Composition
4/12/21,Piano,Moonlight Sonata,Beethoven,Classical
4/12/21,Piano,OG Stuff,Me,My Composition
4/13/21,Electric Guitar,Easy Lover,Philip Bailey,Pop
4/13/21,Acoustic Guitar,Somewhere Only We Know,Keane,Pop
4/13/21,Piano,Moonlight Sonata,Beethoven,Classical
4/13/21,Piano,OG Stuff,Me,My Composition
4/14/21,Piano,Moonlight Sonata,Beethoven,Classical
4/15/21,Piano,Moonlight Sonata,Beethoven,Classical
4/16/21,Electric Guitar,All the Small Things,blink-182,Rock
4/16/21,Electric Guitar,Talk Too Much,COIN,Indie
4/16/21,Electric Guitar,Thank You for the Venom,My Chemical Romance,Rock
4/16/21,Piano,Moonlight Sonata,Beethoven,Classical
4/16/21,Piano,Moonlight Sonata,Beethoven,Classical
4/16/21,Bass,Rasputin,Boney M,Pop
4/16/21,Bass,The Less I Know the Better,Tame Impala,Indie
4/17/21,Piano,Moonlight Sonata,Beethoven,Classical
4/17/21,Piano,Phantasie no. 3,Mozart,Classical
4/18/21,Piano,Moonlight Sonata,Beethoven,Classical
4/18/21,Piano,Phantasie no. 3,Mozart,Classical
4/19/21,Piano,Phantasie no. 3,Mozart,Classical
4/19/21,Electric Guitar,Animal I Have Become,Three Days Grace,Rock
4/19/21,Electric Guitar,Game of Thrones Theme,Ramin Djawadi,Soundtrack
4/19/21,Electric Guitar,Black Sails Theme,Bear McCreary,Soundtrack
4/19/21,Piano,Nocturne in F# minor,Rachmaninov,Classical
4/20/21,Piano,Nocturne in F# minor,Rachmaninov,Classical
4/20/21,Piano,OG Stuff,Me,My Composition
4/21/21,Bass,Ain't No Man,The Avett Brothers,Folk
4/21/21,Bass,Rasputin,Boney M,Pop
4/21/21,Electric Guitar,Black Sails Theme,Bear McCreary,Soundtrack
4/22/21,Piano,Nocturne in F# minor,Rachmaninov,Classical
4/23/21,Piano,OG Stuff,Me,My Composition
4/23/21,Banjo,Little Lion Man,Mumford and Sons,Folk
4/23/21,Piano,Nocturne in F# minor,Rachmaninov,Classical
4/24/21,Piano,OG Stuff,Me,My Composition
4/24/21,Piano,Nocturne in F# minor,Rachmaninov,Classical
4/25/21,Piano,OG Stuff,Me,My Composition
4/25/21,Electric Guitar,Black Sails Theme,Bear McCreary,Soundtrack
4/26/21,Piano,Nocturne in F# minor,Rachmaninov,Classical
4/26/21,Piano,OG Stuff,Me,My Composition
4/27/21,Piano,OG Stuff,Me,My Composition
4/28/21,Piano,OG Stuff,Me,My Composition
4/29/21,Piano,OG Stuff,Me,My Composition
4/30/21,Piano,OG Stuff,Me,My Composition
5/1/21,Piano,OG Stuff,Me,My Composition
5/1/21,Piano,Nocturne in F# minor,Rachmaninov,Classical
5/1/21,Piano,Moonlight Sonata,Beethoven,Classical
5/2/21,Bass,Something is Not Right With Me,Cold War Kids,Indie
5/2/21,Bass,Do I Wanna Know,Arctic Monkeys,Indie
5/2/21,Piano,Moonlight Sonata,Beethoven,Classical
5/3/21,Piano,Moonlight Sonata,Beethoven,Classical
5/4/21,Piano,Moonlight Sonata,Beethoven,Classical
5/5/21,Electric Guitar,Do I Wanna Know,Arctic Monkeys,Indie
5/5/21,Electric Guitar,Black Sails Theme,Bear McCreary,Soundtrack
5/5/21,Piano,Moonlight Sonata,Beethoven,Classical
5/5/21,Piano,OG Stuff,Me,My Composition
5/6/21,Piano,Moonlight Sonata,Beethoven,Classical
5/7/21,Electric Guitar,We Didn't Start the Fire,Billy Joel,Rock
5/7/21,Electric Guitar,Black Sails Theme,Bear McCreary,Soundtrack
5/7/21,Piano,Moonlight Sonata,Beethoven,Classical
5/8/21,Piano,Moonlight Sonata,Beethoven,Classical
5/9/21,Bass,Whip It,DEVO,Rock
5/9/21,Bass,The Less I Know the Better,Tame Impala,Indie
5/9/21,Bass,Rasputin,Boney M,Pop
5/9/21,Piano,Nocturne in F# minor,Rachmaninov,Classical
5/9/21,Electric Guitar,Wild Child,W.A.S.P.,Rock
5/9/21,Electric Guitar,OG Stuff,Me,My Composition
5/9/21,Piano,OG Stuff,Me,My Composition
5/10/21,Piano,Moonlight Sonata,Beethoven,Classical
5/10/21,Piano,Nocturne in F# minor,Rachmaninov,Classical
5/11/21,Electric Guitar,Just What I Needed,The Cars,Rock
5/11/21,Electric Guitar,Knights of Cydonia,Muse,Rock
5/11/21,Piano,Moonlight Sonata,Beethoven,Classical
5/12/21,Piano,Moonlight Sonata,Beethoven,Classical
5/13/21,Piano,Moonlight Sonata,Beethoven,Classical
5/13/21,Piano,Waterfall Etude,Chopin,Classical
5/13/21,Piano,Nocturne in F# minor,Rachmaninov,Classical
5/13/21,Piano,OG Stuff,Me,My Composition
5/13/21,Electric Guitar,Knights of Cydonia,Muse,Rock
5/14/21,Piano,Nocturne in F# minor,Rachmaninov,Classical
5/14/21,Electric Guitar,The Ghost of You,My Chemical Romance,Rock
5/14/21,Electric Guitar,Do I Wanna Know,Arctic Monkeys,Indie
5/14/21,Bass,Rasputin,Boney M,Pop
5/15/21,Bass,Rasputin,Boney M,Pop
5/16/21,Electric Guitar,OG Stuff,Me,My Composition
5/17/21,Piano,Nocturne in F# minor,Rachmaninov,Classical
5/17/21,Bass,Rasputin,Boney M,Pop
5/17/21,Bass,The Less I Know the Better,Tame Impala,Indie
5/17/21,Electric Guitar,OG Stuff,Me,My Composition
5/18/21,Electric Guitar,Easy Lover,Philip Bailey,Pop
5/18/21,Piano,Nocturne in F# minor,Rachmaninov,Classical
5/19/21,Electric Guitar,Ain't Talkin Bout Love,Van Halen,Rock
5/19/21,Piano,Moonlight Sonata,Beethoven,Classical
5/19/21,Piano,Invention 4,Bach,Classical
5/20/21,Bass,Rasputin,Boney M,Pop
5/20/21,Bass,Killing in the Name,Rage Against the Machine,Rock
5/20/21,Electric Guitar,The Look,Roxette,Rock
5/20/21,Electric Guitar,Burnin for You,Blue Oyster Cult,Rock
5/20/21,Electric Guitar,OG Stuff,Me,My Composition
5/20/21,Piano,OG Stuff,Me,My Composition
5/21/21,Piano,Moonlight Sonata,Beethoven,Classical
5/21/21,Piano,Invention 4,Bach,Classical
5/22/21,Piano,Piano Sonata no. 3,Mozart,Classical
5/23/21,Banjo,Little Lion Man,Mumford and Sons,Folk
5/23/21,Banjo,History Book,Dry the River,Folk
5/23/21,Electric Guitar,Rasputin,Boney M,Pop
5/23/21,Piano,Piano Sonata no. 3,Mozart,Classical
5/24/21,Electric Guitar,Rebel Yell,Billy Idol,Rock
5/24/21,Electric Guitar,Smells Like Teen Spirit,Nirvana,Rock
5/24/21,Piano,OG Stuff,Me,My Composition
5/25/21,Piano,Piano Sonata no. 3,Mozart,Classical
5/25/21,Piano,Moonlight Sonata,Beethoven,Classical
5/25/21,Bass,Shot in the Dark,Ozzy Osbourne,Rock
5/25/21,Bass,Psycho Killer,Talking Heads,Rock
5/25/21,Bass,Killing in the Name,Rage Against the Machine,Rock
5/25/21,Bass,OG Stuff,Me,My Composition
5/26/21,Banjo,Sweet City Woman,The Stampeders,Folk
5/26/21,Electric Guitar,The Look,Roxette,Rock
5/26/21,Bass,Psycho Killer,Talking Heads,Rock
5/26/21,Bass,December 1963,Frankie Valli and the Four Seasons,Pop
5/26/21,Piano,Moonlight Sonata,Beethoven,Classical
5/26/21,Piano,Raindrop Prelude,Chopin,Classical
5/27/21,Piano,Moonlight Sonata,Beethoven,Classical
5/27/21,Piano,Piano Sonata no. 3,Mozart,Classical
5/28/21,Electric Guitar,Pretender,Foo Fighters,Rock
5/28/21,Electric Guitar,Carry On Wayward Son,Kansas,Rock
5/28/21,Electric Guitar,25 or 6 to 4,Chicago,Rock
5/28/21,Bass,Psycho Killer,Talking Heads,Rock
5/29/21,Piano,Piano Sonata no. 3,Mozart,Classical
5/29/21,Piano,OG Stuff,Me,My Composition
5/30/21,Bass,Killing in the Name,Rage Against the Machine,Rock
5/30/21,Bass,Rasputin,Boney M,Pop
5/30/21,Bass,Come As You Are,Nirvana,Rock
5/30/21,Banjo,Agape,Bears Den,Folk
5/30/21,Banjo,Let Her Go,Passenger,Folk
5/31/21,Electric Guitar,Psycho Killer,Talking Heads,Rock
5/31/21,Electric Guitar,Easy Lover,Philip Bailey,Pop
5/31/21,Piano,Piano Sonata no. 3,Mozart,Classical
5/31/21,Piano,Nocturne in F# minor,Rachmaninov,Classical
5/31/21,Piano,OG Stuff,Me,My Composition
6/1/21,Banjo,Agape,Bears Den,Folk
6/1/21,Banjo,Rasputin,Boney M,Pop
6/1/21,Electric Guitar,Psycho Killer,Talking Heads,Rock
6/1/21,Electric Guitar,Easy Lover,Philip Bailey,Pop
6/1/21,Piano,Moonlight Sonata,Beethoven,Classical
6/2/21,Bass,Electric Feel,MGMT,Indie
6/2/21,Bass,A-punk,Vampire Weekend,Indie
6/2/21,Electric Guitar,Knights of Cydonia,Muse,Rock
6/2/21,Electric Guitar,Hungry Like the Wolf,Duran Duran,Rock
6/2/21,Electric Guitar,Every Breath You Take,The Police,Rock
6/2/21,Electric Guitar,Easy Lover,Philip Bailey,Pop
6/3/21,Piano,Wild Rider Op. 68 No. 8,Schumann,Classical
6/3/21,Piano,Sonata K. 113,Scarlatti,Classical
6/3/21,Piano,Tempest Sonata,Beethoven,Classical
6/3/21,Electric Guitar,Every Breath You Take,The Police,Rock
6/3/21,Electric Guitar,Do I Wanna Know,Arctic Monkeys,Indie
6/3/21,Electric Guitar,Scar Tissue,Red Hot Chili Peppers,Rock
6/4/21,Piano,Wild Rider Op. 68 No. 8,Schumann,Classical
6/4/21,Piano,Sonata K. 113,Scarlatti,Classical
6/4/21,Electric Guitar,Even Flow,Pearl Jam,Rock
6/5/21,Electric Guitar,Living on a Prayer,Bon Jovi,Rock
6/5/21,Electric Guitar,The Final Countdown,Europe,Rock
6/5/21,Electric Guitar,Electric Feel,MGMT,Indie
6/5/21,Electric Guitar,Every Breath You Take,The Police,Rock
6/5/21,Electric Guitar,Killing in the Name,Rage Against the Machine,Rock
6/5/21,Piano,Wild Rider Op. 68 No. 8,Schumann,Classical
6/5/21,Piano,Sonata K. 113,Scarlatti,Classical
6/5/21,Piano,Moonlight Sonata,Beethoven,Classical
6/6/21,Bass,Last Train to London,Electric Light Orchestra,Rock
6/6/21,Bass,Psycho Killer,Talking Heads,Rock
6/6/21,Bass,Knights of Cydonia,Muse,Rock
6/6/21,Piano,Sonata K. 113,Scarlatti,Classical
6/7/21,Piano,Sonata K. 113,Scarlatti,Classical
6/8/21,Electric Guitar,Killing in the Name,Rage Against the Machine,Rock
6/9/21,Piano,Sonata K. 113,Scarlatti,Classical
6/9/21,Piano,OG Stuff,Me,My Composition
6/10/21,Piano,Sonata K. 113,Scarlatti,Classical
6/10/21,Piano,OG Stuff,Me,My Composition
6/10/21,Electric Guitar,OG Stuff,Me,My Composition
6/10/21,Electric Guitar,Every Breath You Take,The Police,Rock
6/10/21,Electric Guitar,Killing in the Name,Rage Against the Machine,Rock
6/10/21,Electric Guitar,Electric Feel,MGMT,Indie
6/10/21,Bass,Rasputin,Boney M,Pop
6/10/21,Bass,Last Train to London,Electric Light Orchestra,Rock
6/10/21,Bass,Electric Feel,MGMT,Indie
6/10/21,Banjo,Agape,Bears Den,Folk
6/10/21,Banjo,Home,Edward Sharpe & the Magnetic Zeros,Folk
6/11/21,Piano,Sonata K. 113,Scarlatti,Classical
6/11/21,Electric Guitar,Wheel in the Sky,Journey,Rock
6/11/21,Electric Guitar,Knights of Cydonia,Muse,Rock
6/11/21,Electric Guitar,Pressure,Muse,Rock
6/12/21,Electric Guitar,Wheel in the Sky,Journey,Rock
6/12/21,Electric Guitar,Kickstart My Heart,Motley Crue,Metal
6/12/21,Electric Guitar,Killing in the Name,Rage Against the Machine,Rock
6/12/21,Electric Guitar,Decode,Paramore,Rock
6/12/21,Piano,Moonlight Sonata,Beethoven,Classical
6/13/21,Electric Guitar,Wheel in the Sky,Journey,Rock
6/13/21,Electric Guitar,Carry On Wayward Son,Kansas,Rock
6/13/21,Acoustic Guitar,Zombie,The Cranberries,Rock
6/13/21,Acoustic Guitar,Waterloo,ABBA,Pop
6/13/21,Acoustic Guitar,Wait for Me,Motopony,Folk
6/13/21,Piano,Piano Sonata no. 3,Mozart,Classical
6/13/21,Piano,Nocturne in F# minor,Rachmaninov,Classical
6/14/21,Piano,Sonata K. 113,Scarlatti,Classical
6/14/21,Electric Guitar,For Whom The Bell Tolls,Metallica,Metal
6/14/21,Electric Guitar,Wheel in the Sky,Journey,Rock
6/14/21,Electric Guitar,Living on a Prayer,Bon Jovi,Rock
6/14/21,Electric Guitar,Reptilia,The Strokes,Indie
6/15/21,Piano,Sonata K. 113,Scarlatti,Classical
6/16/21,Piano,Sonata K. 113,Scarlatti,Classical
6/16/21,Banjo,Broken Crown,Mumford and Sons,Folk
6/16/21,Piano,Moonlight Sonata,Beethoven,Classical
6/16/21,Piano,OG Stuff,Me,My Composition
6/17/21,Piano,Moonlight Sonata,Beethoven,Classical
6/17/21,Electric Guitar,Carry On Wayward Son,Kansas,Rock
6/18/21,Piano,Sonata K. 113,Scarlatti,Classical
6/18/21,Electric Guitar,Black Sails Theme,Bear McCreary,Soundtrack
6/18/21,Electric Guitar,Wheel in the Sky,Journey,Rock
6/19/21,Piano,Sonata K. 113,Scarlatti,Classical
6/19/21,Piano,Moonlight Sonata,Beethoven,Classical
6/20/21,Piano,Sonata K. 113,Scarlatti,Classical
6/20/21,Piano,Moonlight Sonata,Beethoven,Classical
6/20/21,Bass,Last Train to London,Electric Light Orchestra,Rock
6/21/21,Bass,Rasputin,Boney M,Pop
6/21/21,Bass,Gimme! Gimme! Gimme!,ABBA,Pop
6/21/21,Bass,Last Train to London,Electric Light Orchestra,Rock
6/21/21,Piano,OG Stuff,Me,My Composition
6/22/21,Piano,Sonata K. 113,Scarlatti,Classical
6/23/21,Piano,Sonata K. 113,Scarlatti,Classical
6/23/21,Acoustic Guitar,Waterloo,ABBA,Pop
6/23/21,Acoustic Guitar,Northern Downpour,Panic at the Disco,Pop
6/23/21,Acoustic Guitar,Yellow,Coldplay,Rock
6/23/21,Electric Guitar,Decode,Paramore,Rock
6/24/21,Piano,OG Stuff,Me,My Composition
6/24/21,Piano,Sonata K. 113,Scarlatti,Classical
6/24/21,Electric Guitar,Decode,Paramore,Rock
6/24/21,Electric Guitar,Misery Business,Paramore,Rock
6/24/21,Electric Guitar,Unchained,Van Halen,Rock
6/24/21,Electric Guitar,Almost Easy,Avenged Sevenfold,Metal
6/25/21,Piano,OG Stuff,Me,My Composition
6/25/21,Piano,Sonata K. 113,Scarlatti,Classical
6/26/21,Piano,OG Stuff,Me,My Composition
6/26/21,Piano,Sonata K. 113,Scarlatti,Classical
6/27/21,Piano,OG Stuff,Me,My Composition
6/27/21,Piano,Sonata K. 113,Scarlatti,Classical
6/27/21,Electric Guitar,Easy Lover,Philip Bailey,Pop
6/27/21,Electric Guitar,OG Stuff,Me,My Composition
6/27/21,Bass,OG Stuff,Me,My Composition
6/28/21,Piano,OG Stuff,Me,My Composition
6/28/21,Electric Guitar,American Idiot,Green Day,Rock
6/28/21,Electric Guitar,In Too Deep,Sum 41,Rock
6/28/21,Electric Guitar,YYZ,Rush,Rock
6/28/21,Bass,YYZ,Rush,Rock
6/29/21,Piano,Sonata K. 113,Scarlatti,Classical
6/29/21,Bass,YYZ,Rush,Rock
6/29/21,Bass,A Town Called Malice,The Jam,Rock
6/29/21,Bass,Psycho Killer,Talking Heads,Rock
6/29/21,Bass,Last Train to London,Electric Light Orchestra,Rock
6/29/21,Ukulele,Brown Eyed Girl,Van Morrison,Rock
6/29/21,Ukulele,Chiquitita,ABBA,Pop
6/30/21,Piano,Sonata K. 113,Scarlatti,Classical
6/30/21,Piano,Nocturne in F# minor,Rachmaninov,Classical
6/30/21,Piano,OG Stuff,Me,My Composition
7/1/21,Electric Guitar,Last Train to London,Electric Light Orchestra,Rock
7/1/21,Electric Guitar,YYZ,Rush,Rock
7/1/21,Ukulele,Brown Eyed Girl,Van Morrison,Rock
7/1/21,Ukulele,Chiquitita,ABBA,Pop
7/2/21,Ukulele,Brown Eyed Girl,Van Morrison,Rock
7/2/21,Ukulele,Chiquitita,ABBA,Pop
7/2/21,Piano,Nocturne in F# minor,Rachmaninov,Classical
7/2/21,Piano,Moonlight Sonata,Beethoven,Classical
7/2/21,Piano,OG Stuff,Me,My Composition
7/3/21,Electric Guitar,OG Stuff,Me,My Composition
7/3/21,Electric Guitar,YYZ,Rush,Rock
7/3/21,Electric Guitar,In Too Deep,Sum 41,Rock
7/3/21,Ukulele,Waltzing Matilda,N/A,Traditional
7/3/21,Ukulele,The Office Theme,Jay Ferguson,Soundtrack
7/3/21,Piano,Moonlight Sonata,Beethoven,Classical
7/3/21,Piano,Sonata K. 113,Scarlatti,Classical
7/4/21,Ukulele,Waltzing Matilda,N/A,Traditional
7/4/21,Ukulele,The Office Theme,Jay Ferguson,Soundtrack
7/4/21,Ukulele,Chiquitita,ABBA,Pop
7/4/21,Bass,Honey Honey,ABBA,Pop
7/4/21,Bass,Rasputin,Boney M,Pop
7/5/21,Piano,Sonata K. 113,Scarlatti,Classical
7/5/21,Electric Guitar,Ocean Avenue,Yellowcard,Rock
7/5/21,Electric Guitar,Is Nowhere,Mayday Parade,Rock
7/5/21,Ukulele,Waltzing Matilda,N/A,Traditional
7/6/21,Piano,Tempest Sonata,Beethoven,Classical
7/7/21,Piano,Tempest Sonata,Beethoven,Classical
7/7/21,Piano,OG Stuff,Me,My Composition
7/8/21,Ukulele,Waltzing Matilda,N/A,Traditional
7/8/21,Ukulele,Summertime,Gershwin,Jazz
7/8/21,Electric Guitar,Killing in the Name,Rage Against the Machine,Rock
7/8/21,Electric Guitar,YYZ,Rush,Rock
7/9/21,Ukulele,Waltzing Matilda,N/A,Traditional
7/9/21,Ukulele,Summertime,Gershwin,Jazz
7/9/21,Ukulele,Chiquitita,ABBA,Pop
7/9/21,Piano,Tempest Sonata,Beethoven,Classical
7/9/21,Piano,Sonata K. 113,Scarlatti,Classical
7/10/21,Piano,Sonata K. 113,Scarlatti,Classical
7/10/21,Ukulele,Agape,Bears Den,Folk
7/10/21,Electric Guitar,Last Resort,Papa Roach,Rock
7/10/21,Electric Guitar,Dream On,Aerosmith,Rock
7/10/21,Electric Guitar,YYZ,Rush,Rock
7/10/21,Ukulele,Human Contact,Catey Shaw,Indie
7/10/21,Piano,OG Stuff,Me,My Composition
7/11/21,Piano,Sonata K. 113,Scarlatti,Classical
7/11/21,Electric Guitar,YYZ,Rush,Rock
7/11/21,Banjo,Little Lion Man,Mumford and Sons,Folk
7/11/21,Ukulele,Waltzing Matilda,N/A,Traditional
7/11/21,Ukulele,Human Contact,Catey Shaw,Indie
7/11/21,Ukulele,Agape,Bears Den,Folk
7/12/21,Piano,OG Stuff,Me,My Composition
7/12/21,Piano,Sonata K. 113,Scarlatti,Classical
7/12/21,Bass,Rasputin,Boney M,Pop
7/13/21,Piano,Sonata K. 113,Scarlatti,Classical
7/13/21,Piano,Tempest Sonata,Beethoven,Classical
7/13/21,Piano,Sonata K. 113,Scarlatti,Classical
7/13/21,Piano,OG Stuff,Me,My Composition
7/14/21,Ukulele,Summertime,Gershwin,Jazz
7/14/21,Ukulele,Waltzing Matilda,N/A,Traditional
7/14/21,Piano,OG Stuff,Me,My Composition
7/15/21,Piano,OG Stuff,Me,My Composition
7/15/21,Piano,Sonata K. 113,Scarlatti,Classical
7/15/21,Piano,Tempest Sonata,Beethoven,Classical
7/15/21,Banjo,Little Lion Man,Mumford and Sons,Folk
7/15/21,Banjo,Stolen Dance,Milky Chance,Pop
7/16/21,Piano,Sonata K. 113,Scarlatti,Classical
7/16/21,Piano,Op. 12,Grieg,Classical
7/16/21,Piano,OG Stuff,Me,My Composition
7/17/21,Piano,Sonata K. 113,Scarlatti,Classical
7/17/21,Piano,Op. 12,Grieg,Classical
7/17/21,Ukulele,Summertime,Gershwin,Jazz
7/17/21,Ukulele,Waltzing Matilda,N/A,Traditional
7/17/21,Piano,OG Stuff,Me,My Composition
7/18/21,Piano,Sonata K. 113,Scarlatti,Classical
7/18/21,Piano,Nocturne in F# minor,Rachmaninov,Classical
7/18/21,Acoustic Guitar,Copper Down,The Boy Who Trapped the Sun,Indie
7/18/21,Acoustic Guitar,A Closeness,Dermot Kennedy,Folk
7/18/21,Ukulele,Summertime,Gershwin,Jazz
7/19/21,Piano,Op. 12,Grieg,Classical
7/19/21,Electric Guitar,Life in the Fast Lane,The Eagles,Rock
7/19/21,Electric Guitar,Take Me Out,Franz Ferdinand,Indie
7/19/21,Acoustic Guitar,Copper Down,The Boy Who Trapped the Sun,Indie
7/19/21,Ukulele,Take a Chance on Me,ABBA,Pop
7/20/21,Piano,Op. 12,Grieg,Classical
7/20/21,Piano,Sonata K. 113,Scarlatti,Classical
7/20/21,Piano,Piano Sonata no. 3,Mozart,Classical
7/21/21,Piano,OG Stuff,Me,My Composition
7/21/21,Ukulele,Take a Chance on Me,ABBA,Pop
7/22/21,Electric Guitar,Heat of the Moment,Asia,Rock
7/22/21,Electric Guitar,Since You Been Gone,Rainbow,Rock
7/22/21,Electric Guitar,YYZ,Rush,Rock
7/23/21,Piano,Sonata K. 113,Scarlatti,Classical
7/23/21,Piano,OG Stuff,Me,My Composition
7/24/21,Piano,Sonata K. 113,Scarlatti,Classical
7/24/21,Piano,OG Stuff,Me,My Composition
7/24/21,Ukulele,Take a Chance on Me,ABBA,Pop
7/24/21,Ukulele,Waltzing Matilda,N/A,Traditional
7/25/21,Electric Guitar,December 1963,Frankie Valli and the Four Seasons,Pop
7/25/21,Electric Guitar,YYZ,Rush,Rock
7/25/21,Bass,Rasputin,Boney M,Pop
7/25/21,Ukulele,Brown Eyed Girl,Van Morrison,Rock
7/25/21,Ukulele,Take a Chance on Me,ABBA,Pop
7/25/21,Ukulele,Agape,Bears Den,Folk
7/25/21,Piano,Sonata K. 113,Scarlatti,Classical
7/26/21,Ukulele,Brown Eyed Girl,Van Morrison,Rock
7/26/21,Ukulele,Take a Chance on Me,ABBA,Pop
7/26/21,Ukulele,Summertime,Gershwin,Jazz
7/26/21,Ukulele,Waltzing Matilda,N/A,Traditional
7/27/21,Piano,OG Stuff,Me,My Composition
7/28/21,Ukulele,Chiquitita,ABBA,Pop
7/28/21,Ukulele,Waltzing Matilda,N/A,Traditional
7/29/21,Piano,Sonata K. 113,Scarlatti,Classical
7/29/21,Piano,Op. 12,Grieg,Classical
7/30/21,Piano,OG Stuff,Me,My Composition
7/31/21,Ukulele,Take a Chance on Me,ABBA,Pop
7/31/21,Ukulele,The Office Theme,Jay Ferguson,Soundtrack
8/1/21,Piano,Moonlight Sonata,Beethoven,Classical
8/1/21,Piano,OG Stuff,Me,My Composition
8/2/21,Electric Guitar,We Didn't Start the Fire,Billy Joel,Rock
8/2/21,Electric Guitar,YYZ,Rush,Rock
8/3/21,Piano,Moonlight Sonata,Beethoven,Classical
8/3/21,Electric Guitar,Carry On Wayward Son,Kansas,Rock
8/3/21,Electric Guitar,Killing in the Name,Rage Against the Machine,Rock
8/3/21,Electric Guitar,The Chain,Fleetwood Mac,Rock
8/4/21,Electric Guitar,Enter Sandman,Metallica,Metal
8/4/21,Electric Guitar,YYZ,Rush,Rock
8/4/21,Electric Guitar,Rock Show,blink-182,Rock
8/4/21,Electric Guitar,Found Out About You,Gin Blossoms,Rock
8/4/21,Electric Guitar,Ignorance,Paramore,Rock
8/4/21,Electric Guitar,Knights of Cydonia,Muse,Rock
8/4/21,Electric Guitar,That's All,Genesis,Rock
8/5/21,Piano,Moonlight Sonata,Beethoven,Classical
8/5/21,Electric Guitar,Found Out About You,Gin Blossoms,Rock
8/5/21,Electric Guitar,American Idiot,Green Day,Rock
8/5/21,Electric Guitar,Living on a Prayer,Bon Jovi,Rock
8/5/21,Electric Guitar,Don't Fear the Reaper,Blue Oyster Cult,Rock
8/5/21,Piano,OG Stuff,Me,My Composition